HBFR	HSBC CONTINENTAL EUROPE	HSBC CONTINENTAL EUROPE	HBFR		SINT		FR	PARIS	WWW.HSBC.FR	ACTIVE	Europe	Western Europe	0	1
HBPL	HSBC BANK POLSKA S.A.		HBPL		SINT		PL	WARSAW	WWW.HSBC.PL	ACTIVE	Europe	Central Europe	0	1
HCER	VORVEL CERTIFICATES	VORVEL SIM S.P.A.	HMTF	HMTF	MLTF		IT	MILAN	WWW.VORVEL.EU	ACTIVE	Europe	Southern Europe	1	1
HCHC	ICE CLEAR NETHERLANDS B.V.		HCHC		NSPD		NL	AMSTERDAM	WWW.THEICE.COM	ACTIVE	Europe	Western Europe	0	1
HDAT	ELECTRONIC SECONDARY SECURITIES MARKET (HDAT)		HDAT		RMKT	HDAT	GR	ATHENS	WWW.BANKOFGREECE.GR	ACTIVE	Europe	Southern Europe	0	1
HEDE	HENEX FINANCIAL ENERGY MARKET - DERIVATIVES MARKET	HELLENIC ENERGY EXCHANGE S.A.	HEMO	HEMO	RMKT	HENEX	GR	ATHENS	WWW.ENEXGROUP.GR	ACTIVE	Europe	Southern Europe	1	1
HEGX	NADEX		HEGX		NSPD		US	CHICAGO	WWW.NADEX.COM	ACTIVE	Americas	North America	0	1
HELA	HELABA	LANDESBANK HESSEN-THUERINGEN GIROZENTRALE	HELA		OTHR		DE	FRANKFURT	WWW.HELABA.COM.DE	ACTIVE	Europe	Western Europe	0	1
HEMO	HENEX S.A.	HELLENIC ENERGY EXCHANGE S.A.	HEMO		RMKT	HENEX	GR	ATHENS	WWW.ENEXGROUP.GR	ACTIVE	Europe	Southern Europe	0	1
HESP	HENEX ELECTRICITY SPOT MARKET	HELLENIC ENERGY EXCHANGE S.A.	HEMO	HEMO	NSPD	HENEX	GR	ATHENS	WWW.ENEXGROUP.GR	ACTIVE	Europe	Southern Europe	1	1
HGSP	HENEX GAS SPOT MARKET	HELLENIC ENERGY EXCHANGE S.A.	HEMO	HEMO	NSPD	HENEX S.A.	GR	ATHENS	WWW.ENEXGROUP.GR	ACTIVE	Europe	Southern Europe	1	1
HKME	HONG KONG MERCANTILE EXCHANGE		HKME		NSPD	HKMEX	HK	HONG KONG	WWW.HKMERC.COM	EXPIRED	Asia	Eastern Asia	0	1
HMOD	VORVEL EQUITY AUCTION	VORVEL SIM S.P.A.	HMTF	HMTF	MLTF		IT	MILAN	WWW.VORVEL.EU	ACTIVE	Europe	Southern Europe	1	1
HMTF	VORVEL BONDS	VORVEL SIM S.P.A.	HMTF		MLTF		IT	MILAN	WWW.VORVEL.EU	ACTIVE	Europe	Southern Europe	0	1
HOTC	HELLENIC EXCHANGE OTC MARKET	HELLENIC EXCHANGES-ATHENS STOCK EXCHANGE S.A.	ASEX	ASEX	NSPD		GR	ATHENS	WWW.ATHEXGROUP.GR	EXPIRED	Europe	Southern Europe	1	1
HPCO	HPC ETRADING	MAREX SA	HPCX	HPCX	OTFS	HPC	FR	PARIS	WWW.MAREX.COM	ACTIVE	Europe	Western Europe	1	1
HPCS	HPC ENERGY TRADING	MAREX SA	HPCX	HPCX	OTFS	HPC	FR	PARIS	WWW.MAREX.COM	ACTIVE	Europe	Western Europe	1	1
HPCV	HPC SA - VOICE OTF	MAREX SA	HPCX	HPCX	OTFS	HPC	FR	PARIS	WWW.MAREX.COM	ACTIVE	Europe	Western Europe	1	1
HPCX	HPC SA	MAREX SA	HPCX		OTHR	MSA	FR	PARIS	WWW.MAREX.COM	ACTIVE	Europe	Western Europe	0	1
HPPO	POTAMUS TRADING LLC		HPPO		NSPD	HPPO	US	BOSTON	WWW.POTAMUSTRADING.COM	ACTIVE	Americas	North America	0	1
HPSO	HPC OTF - UK ETRADING PLATFORM	HPC INVESTMENT SERVICES LIMITED	HPSX	HPSX	OTFS	HPC IS	GB	LONDON	WWW.MAREX.COM	ACTIVE	Europe	Northern Europe	1	1
HPSX	HPC OTF	HPC INVESTMENT SERVICES LIMITED	HPSX		OTFS	HPC IS	GB	LONDON	WWW.MAREX.COM	ACTIVE	Europe	Northern Europe	0	1
HREU	HRTEU LIMITED		HREU		SINT		IE	DUBLIN	WWW.HUDSON-TRADING.COM	ACTIVE	Europe	Northern Europe	0	1
HRFQ	VORVEL RFQ	VORVEL SIM S.P.A.	HMTF	HMTF	MLTF		IT	MILAN	WWW.VORVEL.EU	ACTIVE	Europe	Southern Europe	1	1
HRSI	HUDSON RIVER TRADING - SYSTEMATIC INTERNALISER		HRSI		SINT		GB	LONDON	WWW.HUDSON-TRADING.COM	ACTIVE	Europe	Northern Europe	0	1
HRTF	HUDSON RIVER TRADING (HRT)		HRTF		NSPD	HRT	US	NEW YORK	WWW.HUDSON-TRADING.COM	ACTIVE	Americas	North America	0	1
HRTX	HUDSON RIVER TRADING		HRTX		NSPD	HRT	US	NEW YORK	WWW.HUDSON-TRADING.COM	ACTIVE	Americas	North America	0	1
HSBC	HSBC		HSBC		SINT	HSBC SI	GB	LONDON	WWW.HSBCNET.COM	ACTIVE	Europe	Northern Europe	0	1
HSBT	HSBC TRINKAUS AND BURKHARDT AG		HSBT		SINT		DE	DUESSELDORF	WWW.HSBC.DE	ACTIVE	Europe	Western Europe	0	1
HSFX	CBOE FX	CBOE FX MARKETS, LLC	HSFX		NSPD	CBOE FX	US	NEW YORK, NY	WWW.FX.CBOE.COM	ACTIVE	Americas	North America	0	1
HSTC	HANOI STOCK EXCHANGE		HSTC		NSPD	HNX	VN	HANOI	WWW.HNX.VN	ACTIVE	Asia	South-Eastern Asia	0	1
HSXA	HSBC-X HONG KONG		HSXA		NSPD		HK	HONG KONG	WWW.HSBC.COM.HK	ACTIVE	Asia	Eastern Asia	0	1
HSXE	HSBC-X UNITED KINGDOM		HSXE		NSPD		GB	LONDON	WWW.HSBC.COM	EXPIRED	Europe	Northern Europe	0	1
HUDX	HUNGARIAN DERIVATIVE ENERGY EXCHANGE		HUDX		RMKT	HUDEX	HU	BUDAPEST	WWW.HUDEX.HU	ACTIVE	Europe	Central Europe	0	1
HUNG	MTS HUNGARY		XMTS	XMTS	NSPD		GB	LONDON		EXPIRED	Europe	Northern Europe	1	1
HUPX	HUNGARIAN POWER EXCHANGE		HUPX		NSPD	HUPX	HU	BUDAPEST	WWW.HUPX.HU	ACTIVE	Europe	Central Europe	0	1
HWHE	HWH ENERGIMEGLING	HWH ENERGIMEGLING AS	HWHE		OTHR		NO	BERGEN	WWW.HWH.NO	ACTIVE	Europe	Northern Europe	0	1
IATS	IBKR ATS	INTERACTIVE BROKERS LLC	IBKR	IBKR	ATSS	IATS	US	GREENWICH	WWW.INTERACTIVEBROKERS.COM	ACTIVE	Americas	North America	1	1
IBAL	ICE BENCHMARK ADMINISTRATION		IBAL		NSPD	IBA	GB	LONDON	WWW.THEICE.COM/IBA	ACTIVE	Europe	Northern Europe	0	1
IBCO	INTERACTIVE BROKERS CORP	INTERACTIVE BROKERS CORP	IBCO		OTHR	IBCO	US	GREENWICH	WWW.INTERACTIVEBROKERS.COM	ACTIVE	Americas	North America	0	1
IBEQ	INVEST BANCA - IBIS EQUITY		IBIS	IBIS	SINT		IT	FLORENCE	WWW.INVESTBANCA.IT	ACTIVE	Europe	Southern Europe	1	1
IBER	IBERCAJA BANCO SA		IBER		NSPD	IBERCAJA	ES	ZARAGOZA	WWW.IBERCAJA.ES	ACTIVE	Europe	Southern Europe	0	1
IBEX	INDEPENDENT BULGARIAN ENERGY EXCHANGE		IBEX		NSPD	IBEX	BG	SOFIA	WWW.IBEX.BG	ACTIVE	Europe	Southeast Europe	0	1
IBGH	IBERIAN GAS HUB		IBGH		NSPD	IBGH	ES	BILBAO	WWW.IBERIANGASHUB.COM	ACTIVE	Europe	Southern Europe	0	1
IBIS	INVEST BANCA		IBIS		SINT		IT	FLORENCE	WWW.INVESTBANCA.IT	ACTIVE	Europe	Southern Europe	0	1
IBKR	INTERACTIVE BROKERS LLC	INTERACTIVE BROKERS LLC	IBKR		NSPD	IBKR	US	GREENWICH	WWW.INTERACTIVEBROKERS.COM	ACTIVE	Americas	North America	0	1
IBLX	INSTINET BLX		XINS	XINS	ATSS		US	NEW YORK	WWW.INSTINET.COM	EXPIRED	Americas	North America	1	1
IBSC	ICE BONDS SECURITIES CORPORATION	ICE BONDS SECURITIES CORPORATION	IBSC		OTHR	IBSC	US	NEW YORK	WWW.THEICE.COM	ACTIVE	Americas	North America	0	1
IBSI	INTERACTIVE BROKERS	INTERACTIVE BROKERS IRELAND LIMITED	IBSI		SINT	IBKR	IE	DUBLIN	WWW.INTERACTIVEBROKERS.IE	ACTIVE	Europe	Northern Europe	0	1
IBUL	BULGARIAN STOCK EXCHANGE - INTERNATIONAL INSTRUMENTS	BULGARIAN STOCK EXCHANGE	XBUL	XBUL	RMKT	BSE	BG	SOFIA	WWW.BSE-SOFIA.BG	ACTIVE	Europe	Southeast Europe	1	1
ICAH	TRAYPORT		ICAP	ICAP	NSPD		GB	LONDON	WWW.ICAP.COM	EXPIRED	Europe	Northern Europe	1	1
ICAP	ICAP EUROPE		ICAP		NSPD		GB	LONDON	WWW.I-SWAP.COM	EXPIRED	Europe	Northern Europe	0	1
ICAS	ICAP ENERGY AS		ICAS		NSPD		NO	BERGEN	WWW.ICAPENERGY.COM/EU	EXPIRED	Europe	Northern Europe	0	1
ICAT	ICAP HYDE TANKER DERIVATIVES LIMITED		ICAH	ICAH	NSPD		GB	LONDON		EXPIRED	Europe	Northern Europe	1	1
ICBX	INSTINET CBX (US)		XINS	XINS	NSPD		US	NEW YORK	WWW.INSTINET.COM	ACTIVE	Americas	North America	1	1
ICDX	INDONESIA COMMODITY AND DERIVATIVES EXCHANGE		ICDX		NSPD		ID	JAKARTA	WWW.ICDEXCHANGE.COM	ACTIVE	Asia	South-Eastern Asia	0	1
ICEL	ISLAND ECN LTD, THE		ICEL		NSPD		US	NEW YORK	WWW.ISLAND.COM	EXPIRED	Americas	North America	0	1
ICEN	ICAP ENERGY		ICAP	ICAP	NSPD		GB	LONDON	WWW.ICAPENERGY.COM	EXPIRED	Europe	Northern Europe	1	1
ICEO	ICAP ENERGY - OTF		ICEO		OTFS		GB	LONDON	WWW.ICAP.COM	EXPIRED	Europe	Northern Europe	0	1
ICES	ICE SWAP TRADE LLC	ICE SWAP TRADE LLC	ICES		SEFS		US	NEW YORK	WWW.THEICE.COM	ACTIVE	Americas	North America	0	1
ICEU	INTERCONTINENTAL EXCHANGE - ICE FUTURES EUROPE		ICEU		NSPD		GB	LONDON		EXPIRED	Europe	Northern Europe	0	1
ICE_US	US ICE futures session family		ICE_US			ICE_US	US	NEW YORK		PROJECT	Americas	North America	0	0
ICHK	NOMURA ICE  - HK	NOMURA HOLDINGS	NMRJ	NMRJ	ATSS		JP	TOKYO	WWW.NOMURA.COM	ACTIVE	Asia	Eastern Asia	1	1
ICKR	NOMURA ICE  - KR	NOMURA HOLDINGS	NMRJ	NMRJ	ATSS		JP	TOKYO	WWW.NOMURA.COM	ACTIVE	Asia	Eastern Asia	1	1
ICOR	ICAP EU -  OTF - REGISTRATION	TP ICAP (EUROPE) SA	ICOT	ICOT	OTFS	TPIE	FR	PARIS	HTTPS://REGULATORY.TPICAP.COM/TPICAP/EU/ICAPEUOTF	ACTIVE	Europe	Western Europe	1	1
ICOT	ICAP EU - OTF		ICOT		OTFS		FR	PARIS	WWW.TPICAP.COM	ACTIVE	Europe	Western Europe	0	1
ICPM	TP ICAP UK MTF	TP ICAP MTF LTD	ICPM		MLTF		GB	LONDON	HTTPS://TPICAP.COM/TPICAP/REGULATORY-HUB/TP-ICAP-UK-MTF	ACTIVE	Europe	Northern Europe	0	1
ICPS	ICAP SINGAPORE RMO	ICAP SINGAPORE PTE LTD	ICPS		RMOS	ICAPS	SG	SINGAPORE	HTTPS://TPICAP.COM/TPICAP/	ACTIVE	Asia	South-Eastern Asia	0	1
ICRO	INSTINET VWAP CROSS		XINS	XINS	NSPD		US	NEW YORK	WWW.INSTINET.COM	ACTIVE	Americas	North America	1	1
ICSE	ICAP SECURITIES		ICAP	ICAP	NSPD		GB	LONDON	WWW.ICAP.COM	EXPIRED	Europe	Northern Europe	1	1
ICSH	NOMURA ICE  - SH	NOMURA HOLDINGS	NMRJ	NMRJ	ATSS		JP	TOKYO	WWW.NOMURA.COM	ACTIVE	Asia	Eastern Asia	1	1
ICSU	ICAP SEF (US)  LLC.	ICAP SEF (US) LLC	BTEC	BTEC	SEFS		US	JERSEY CITY	WWW.ICAP.COM	EXPIRED	Americas	North America	1	1
ICSZ	NOMURA ICE  - SZ	NOMURA HOLDINGS	NMRJ	NMRJ	ATSS		JP	TOKYO	WWW.NOMURA.COM	ACTIVE	Asia	Eastern Asia	1	1
ICTQ	ICAP TRUEQUOTE		ICAP	ICAP	NSPD		GB	LONDON	WWW.ICAPENERGY.COM/EU	EXPIRED	Europe	Northern Europe	1	1
ICTW	NOMURA ICE  - TW	NOMURA HOLDINGS	NMRJ	NMRJ	ATSS		JP	TOKYO	WWW.NOMURA.COM	ACTIVE	Asia	Eastern Asia	1	1
ICUR	CURRENEX IRELAND MTF	STATE STREET GLOBALLINK IRELAND LIMITED	ICUR		MLTF	CNX MTF	IE	DUBLIN	WWW.CURRENEXMTF.COM/OUR-OFFERING	EXPIRED	Europe	Northern Europe	0	1
ICUS	ICE FUTURES U.S. INC		ICUS		NSPD		US	NEW YORK		EXPIRED	Americas	North America	0	1
ICXL	INDIAN COMMODITY EXCHANGE LTD	INDIAN COMMODITY EXCHANGE LTD	ICXL		RMKT	ICEX	IN	MUMBAI	WWW.ICEXINDIA.COM	EXPIRED	Asia	Southern Asia	0	1
ICXR	CURRENEX IRELAND MTF - RFQ	STATE STREET GLOBALLINK IRELAND LIMITED	ICUR	ICUR	MLTF	CNX MTF	IE	DUBLIN	WWW.CURRENEXMTF.COM/OUR-OFFERING	EXPIRED	Europe	Northern Europe	1	1
IDXM	IDX MARKETS, LLC	IDX MARKETS, LLC	IDXM		ATSS		US	NEW YORK	WWW.IDXMARKETS.COM	ACTIVE	Americas	North America	0	1
IEBS	EBS MTF - RFQ - FX PRODUCTS FOR ASSET MANAGERS		EBSN	EBSN	MLTF		NL	AMSTERDAM	WWW.NEX.COM	ACTIVE	Europe	Western Europe	1	1
IECE	ICAP ENERGY LTD OTF - EUROPEAN COMMODITIES AND ENERGY DERIVATIVES		ICEO	ICEO	OTFS		GB	LONDON	WWW.TICAP.COM	EXPIRED	Europe	Northern Europe	1	1
IECL	TP ICAP E. AND C. OTF – ICAP COMMODITIES AND ENERGY DERIVATIVES	TP ICAP E. AND C. LIMITED	TPEO	TPEO	OTFS		GB	LONDON	HTTPS://TPICAP.COM/TPICAP/REGULATORY-HUB/TP-ICAP-E%26C-OTF	ACTIVE	Europe	Northern Europe	1	1
IENG	INFOENGINE OTC		IENG		NSPD		PL	WARSAW	WWW.INFOENGINE.PL	EXPIRED	Europe	Central Europe	0	1
IEOS	IBKR EOS ATS	INTERACTIVE BROKERS LLC	IBKR	IBKR	ATSS	IEOS	US	GREENWICH	WWW.INTERACTIVEBROKERS.COM	ACTIVE	Americas	North America	1	1
IEPA	INTERCONTINENTAL EXCHANGE		IFUS	IFUS	NSPD	ICE	US	ATLANTA	WWW.THEICE.COM	ACTIVE	Americas	North America	1	1
IEXA	IEX DAP LLC	IEX DAP LLC	IEXA		ATSS		US	NEW YORK	WWW.IEX.IO	ACTIVE	Americas	North America	0	1
IEXC	INVESTORS EXCHANGE - DAX FACILITY	IEX DAX LLC	IEXG	IEXG	RMKT	IEX DAX	US	NEW YORK	WWW.IEX.IO	ACTIVE	Americas	North America	1	1
IEXD	INVESTORS EXCHANGE - DARK	INVESTORS EXCHANGE LLC	IEXG	IEXG	NSPD	IEX	US	NEW YORK	WWW.IEX.IO	ACTIVE	Americas	North America	1	1
IEXG	INVESTORS EXCHANGE	INVESTORS EXCHANGE LLC	IEXG		NSPD	IEX	US	NEW YORK	WWW.IEX.IO	ACTIVE	Americas	North America	0	1
IFAD	ICE FUTURES ABU DHABI		IFAD		NSPD		AE	ABU DHABI	WWW.THEICE.COM	ACTIVE	Asia	Western Asia	0	1
IFBX	IRAN FARA BOURSE		IFBX		RMKT	IFB	IR	TEHRAN	WWW.IFB.IR	ACTIVE	Asia	Southern Asia	0	1
IFCA	ICE FUTURES CANADA		IFCA		NSPD		CA	WINNIPEG	WWW.THEICE.COM	EXPIRED	Americas	North America	0	1
IFED	ICE FUTURES U.S. ENERGY DIVISION		IFUS	IFUS	NSPD		US	NEW YORK	WWW.THEICE.COM	ACTIVE	Americas	North America	1	1
IFEN	ICE FUTURES EUROPE - OIL AND REFINED PRODUCTS DIVISION		IFEU	IFEU	NSPD		GB	LONDON	WWW.THEICE.COM	ACTIVE	Europe	Northern Europe	1	1
IFEU	ICE FUTURES EUROPE		IFEU		NSPD		GB	LONDON	WWW.THEICE.COM	ACTIVE	Europe	Northern Europe	0	1
IFFX	INFRONT FX MARKET	INFRONT AS	INFT	INFT	OTHR		NO	OSLO	WWW.INFRONTFINANCE.COM	ACTIVE	Europe	Northern Europe	1	1
IFLL	ICE FUTURES EUROPE - FINANCIAL PRODUCTS DIVISION		IFEU	IFEU	NSPD		GB	LONDON	WWW.THEICE.COM	ACTIVE	Europe	Northern Europe	1	1
IFLO	ICE FUTURES EUROPE - EQUITY PRODUCTS DIVISION		IFEU	IFEU	NSPD		GB	LONDON	WWW.THEICE.COM	ACTIVE	Europe	Northern Europe	1	1
IFLS	SWAPXECUTE		IFLS		OTFS		GB	LONDON	WWW.INTLFCSTONE.COM	ACTIVE	Europe	Northern Europe	0	1
IFLX	ICE FUTURES EUROPE - AGRICULTURAL PRODUCTS DIVISION		IFEU	IFEU	NSPD		GB	LONDON	WWW.THEICE.COM	ACTIVE	Europe	Northern Europe	1	1
IFSG	ICE FUTURES SINGAPORE		IFSG		NSPD		SG	SINGAPORE	WWW.THEICE.COM	ACTIVE	Asia	South-Eastern Asia	0	1
IFSM	INSTITUTIONAL FINANCIAL SECURITIES MARKET	MALTA STOCK EXCHANGE PLC	XMAL	XMAL	RMKT	IFSM	MT	VALLETTA	WWW.BORZAMALTA.COM.MT	ACTIVE	Europe	Southern Europe	1	1
IFUS	ICE FUTURES U.S.		IFUS		NSPD		US	NEW YORK	WWW.THEICE.COM	ACTIVE	Americas	North America	0	1
IFUT	ICE FUTURES EUROPE - EUROPEAN UTILITIES DIVISION		IFEU	IFEU	NSPD		GB	LONDON	WWW.THEICE.COM	ACTIVE	Europe	Northern Europe	1	1
IFXA	FX CONNECT IRELAND MTF - ALLOCATIONS	STATE STREET GLOBALLINK IRELAND LIMITED	IFXC	IFXC	MLTF	IFXC MTF	IE	DUBLIN	WWW.FXCONNECTMTF.COM/OUR-SERVICES	EXPIRED	Europe	Northern Europe	1	1
IFXC	FX CONNECT IRELAND MTF	STATE STREET GLOBALLINK IRELAND LIMITED	IFXC		MLTF	IFXC MTF	IE	DUBLIN	WWW.FXCONNECTMTF.COM/OUR-SERVICES	EXPIRED	Europe	Northern Europe	0	1
IFXR	FX CONNECT IRELAND MTF - RFQ	STATE STREET GLOBALLINK IRELAND LIMITED	IFXC	IFXC	MLTF	IFXC MTF	IE	DUBLIN	WWW.FXCONNECTMTF.COM/OUR-SERVICES	EXPIRED	Europe	Northern Europe	1	1
IGDL	ICAP GLOBAL DERIVATIVES LIMITED	ICAP GLOBAL DERIVATIVES LIMITED	IGDL		MLTF		GB	LONDON	HTTPS://TPICAP.COM/TPICAP/REGULATORY-HUB/ICAP-GLOBAL-DERIVATIVES-MTF	ACTIVE	Europe	Northern Europe	0	1
IIDX	INSTINET IDX		XINS	XINS	ATSS		US	NEW YORK	WWW.INSTINET.COM	EXPIRED	Americas	North America	1	1
IINX	INDIA INTERNATIONAL EXCHANGE (IFSC) LIMITED		IINX		NSPD	INDIA INX	IN	GIFT CITY, GANDHINAGAR	WWW.INDIAINX.COM	ACTIVE	Asia	Southern Asia	0	1
IKBS	IKB DEUTSCHE INDUSTRIEBANK AG		IKBS		SINT		DE	DUESSELDORF	WWW.IKB.DE	ACTIVE	Europe	Western Europe	0	1
ILCM	LOUIS CAPITAL MARKETS UK	TP ICAP BROKING LIMITED	IOTF	IOTF	OTFS		GB	LONDON	HTTPS://REGULATORY.TPICAP.COM/	ACTIVE	Europe	Northern Europe	1	1
IMAG	ICE MARKETS AGRICULTURE		IFUS	IFUS	NSPD		US	ATLANTA	WWW.THEICE.COM	ACTIVE	Americas	North America	1	1
IMBD	ICE MARKETS BONDS		IFUS	IFUS	NSPD		US	ATLANTA	WWW.THEICE.COM	ACTIVE	Americas	North America	1	1
IMCC	ICE CREDIT TRADE	ICE BONDS SECURITIES CORPORATION	IBSC	IBSC	NSPD		US	NEW YORK	WWW.THEICE.COM	ACTIVE	Americas	North America	1	1
IMCD	ICAP MTF - CREDIT DERIVATIVES		ICPM	ICPM	MLTF		GB	LONDON	WWW.TPICAP.COM	EXPIRED	Europe	Northern Europe	1	1
IMCE	TP ICAP UK MTF - CASH EQUITY	TP ICAP MTF LTD	ICPM	ICPM	MLTF		GB	LONDON	HTTPS://TPICAP.COM/TPICAP/REGULATORY-HUB/TP-ICAP-UK-MTF	ACTIVE	Europe	Northern Europe	1	1
IMCG	CREDITEX LLC		IFUS	IFUS	NSPD		US	NEW YORK	WWW.THEICE.COM	ACTIVE	Americas	North America	1	1
IMCM	ICAP MTF - COMMODITIES		ICPM	ICPM	MLTF		GB	LONDON	WWW.TPICAP.COM	EXPIRED	Europe	Northern Europe	1	1
IMCO	ICE ENDEX OTF FUTURES		NDEX	NDEX	OTFS	ICE ENDEX OTF	NL	AMSTERDAM	WWW.THEICE.COM/ENDEX	ACTIVE	Europe	Western Europe	1	1
IMCR	ICE MARKETS CREDIT		IFUS	IFUS	NSPD		US	ATLANTA	WWW.THEICE.COM	ACTIVE	Americas	North America	1	1
IMCS	IMC FINANCIAL MARKETS		IMCS		NSPD		US	CHICAGO	WWW.IMC.COM	ACTIVE	Americas	North America	0	1
IMCT	IMC		IMCT		SINT	IMC	NL	AMSTERDAM	WWW.IMC.COM	ACTIVE	Europe	Western Europe	0	1
IMED	TP ICAP UK MTF - EQUITY DERIVATIVES	TP ICAP MTF LTD	ICPM	ICPM	MLTF		GB	LONDON	HTTPS://TPICAP.COM/TPICAP/REGULATORY-HUB/TP-ICAP-UK-MTF	ACTIVE	Europe	Northern Europe	1	1
IMEN	ICE MARKETS ENERGY		IFUS	IFUS	NSPD		US	ATLANTA	WWW.THEICE.COM	ACTIVE	Americas	North America	1	1
IMEQ	ICE MARKETS EQUITY		NDEX	NDEX	RMKT	ICE ENDEX EQUITY	NL	AMSTERDAM	WWW.THEICE.COM/ENDEX	ACTIVE	Europe	Western Europe	1	1
IMET	TP ICAP UK MTF - EXCHANGE TRADED PRODUCTS	TP ICAP MTF LTD	ICPM	ICPM	MLTF		GB	LONDON	HTTPS://TPICAP.COM/TPICAP/REGULATORY-HUB/TP-ICAP-UK-MTF	ACTIVE	Europe	Northern Europe	1	1
IMEX	IRAN MERCANTILE EXCHANGE		IMEX		NSPD		IR	TEHRAN	WWW.IME.CO.IR	ACTIVE	Asia	Southern Asia	0	1
IMFD	TP ICAP UK MTF - FX DERIVATIVES	TP ICAP MTF LTD	ICPM	ICPM	MLTF		GB	LONDON	HTTPS://TPICAP.COM/TPICAP/REGULATORY-HUB/TP-ICAP-UK-MTF	ACTIVE	Europe	Northern Europe	1	1
IMFX	ICE MARKETS FOREIGN EXCHANGE		IFUS	IFUS	NSPD		US	ATLANTA	WWW.THEICE.COM	ACTIVE	Americas	North America	1	1
IMGB	TP ICAP UK MTF - GOVERNMENT BONDS EXCLUDING GILTS	TP ICAP MTF LTD	ICPM	ICPM	MLTF		GB	LONDON	HTTPS://TPICAP.COM/TPICAP/REGULATORY-HUB/TP-ICAP-UK-MTF	ACTIVE	Europe	Northern Europe	1	1
IMGI	TP ICAP UK MTF - GILTS	TP ICAP MTF LTD	ICPM	ICPM	MLTF		GB	LONDON	HTTPS://TPICAP.COM/TPICAP/REGULATORY-HUB/TP-ICAP-UK-MTF	ACTIVE	Europe	Northern Europe	1	1
IMIR	ICE MARKETS RATES		IFUS	IFUS	NSPD		US	ATLANTA	WWW.THEICE.COM	ACTIVE	Americas	North America	1	1
IMMH	IMMH - INTESA SANPAOLO		IMMH		SINT		IT	MILAN	WWW.INTESASANPAOLO.COM	ACTIVE	Europe	Southern Europe	0	1
IMMM	TP ICAP UK MTF - MONEY MARKET INSTRUMENTS	TP ICAP MTF LTD	ICPM	ICPM	MLTF		GB	LONDON	HTTPS://TPICAP.COM/TPICAP/REGULATORY-HUB/TP-ICAP-UK-MTF	ACTIVE	Europe	Northern Europe	1	1
IMRD	TP ICAP UK MTF - INTEREST RATE DERIVATIVES	TP ICAP MTF LTD	ICPM	ICPM	MLTF		GB	LONDON	HTTPS://TPICAP.COM/TPICAP/REGULATORY-HUB/TP-ICAP-UK-MTF	ACTIVE	Europe	Northern Europe	1	1
IMSB	TP ICAP UK MTF - CORPORATE BONDS AND SECURITIES DEBT	TP ICAP MTF LTD	ICPM	ICPM	MLTF		GB	LONDON	HTTPS://TPICAP.COM/TPICAP/REGULATORY-HUB/TP-ICAP-UK-MTF	ACTIVE	Europe	Northern Europe	1	1
IMTF	INTEGRAL MTF		IMTF		MLTF		GB	LONDON	WWW.INTEGRALMTF.COM	ACTIVE	Europe	Northern Europe	0	1
IMTS	MTS IRELAND		XMTS	XMTS	NSPD		GB	LONDON	WWW.MTSIRELAND.COM	EXPIRED	Europe	Northern Europe	1	1
INCA	INSTINET DESK CROSS		XINS	XINS	NSPD		US	NEW YORK	WWW.INSTINET.COM	ACTIVE	Americas	North America	1	1
INCR	INTELLIGENTCROSS	INTELLIGENT CROSS LLC	INCR		ATSS		US	STAMFORD	WWW.INTELLIGENTCROSS.COM	ACTIVE	Americas	North America	0	1
INFT	INFRONT MARKETS	INFRONT AS	INFT		OTHR		NO	OSLO	WWW.INFRONTFINANCE.COM	ACTIVE	Europe	Northern Europe	0	1
INGB	ING BANK NV	ING BANK NV	INGB		SINT		NL	AMSTERDAM	WWW.ING.COM	ACTIVE	Europe	Western Europe	0	1
INGE	ING BANK NV - SPRINTERS	ING BANK NV	INGB	INGB	SINT		NL	AMSTERDAM	WWW.ING.COM	ACTIVE	Europe	Western Europe	1	1
INGF	ING BANK NV - FOREIGN EXCHANGE	ING BANK NV	INGB	INGB	SINT		NL	AMSTERDAM	WWW.ING.COM	EXPIRED	Europe	Western Europe	1	1
INGS	ING BANK NV - EQUITY	ING BANK NV	INGB	INGB	SINT		NL	AMSTERDAM	WWW.ING.COM	ACTIVE	Europe	Western Europe	1	1
INGU	ING BANK NV  - LONDON BRANCH	ING BANK NV	INGU		SINT		GB	LONDON	WWW.ING.COM	ACTIVE	Europe	Northern Europe	0	1
INGW	ING BANK SLASKI SA		INGW		SINT		PL	WARSAW	WWW.INGBANK.PL	ACTIVE	Europe	Central Europe	0	1
INSE	NSE IFSC LIMITED		XNSE	XNSE	NSPD	NSE IFSC	IN	GANDHINAGAR	WWW.NSEIFSC.COM	ACTIVE	Asia	Southern Asia	1	1
INSR	INTELLIGENTCROSS - ALPS	INTELLIGENT CROSS LLC	INCR	INCR	OTHR		US	STAMFORD	WWW.INTELLIGENTCROSS.COM	ACTIVE	Americas	North America	1	1
INTL	STONEX FINANCIAL INC.	STONEX FINANCIAL INC.	INTL		ATSS		US	WINTER PARK	WWW.STONEX.COM	ACTIVE	Americas	North America	0	1
INVE	INVESTEC BANK PLC		INVE		SINT		GB	LONDON	WWW.INVESTEC.COM	ACTIVE	Europe	Northern Europe	0	1
IOCD	ICAP UK OTF - CREDIT DERIVATIVES	TP ICAP BROKING LIMITED	IOTF	IOTF	OTFS		GB	LONDON	WWW.TPICAP.COM/TPICAP/REGULATORY-HUB	ACTIVE	Europe	Northern Europe	1	1
IOED	ICAP UK OTF - EQUITY DERIVATIVES	TP ICAP BROKING LIMITED	IOTF	IOTF	OTFS		GB	LONDON	WWW.TPICAP.COM/TPICAP/REGULATORY-HUB	ACTIVE	Europe	Northern Europe	1	1
IOFB	ICAP SECURITIES OTF - BUTLER FX DERIVATIVES		IOTF	IOTF	OTFS		GB	LONDON	WWW.TICAP.COM	EXPIRED	Europe	Northern Europe	1	1
IOFI	ICAP UK OTF - CORPORATE BONDS AND SECURITISED DEBT	TP ICAP BROKING LIMITED	IOTF	IOTF	OTFS		GB	LONDON	WWW.TPICAP.COM/TPICAP/REGULATORY-HUB	ACTIVE	Europe	Northern Europe	1	1
IOFX	ICAP UK OTF - FX DERIVATIVES	TP ICAP BROKING LIMITED	IOTF	IOTF	OTFS		GB	LONDON	WWW.TPICAP.COM/TPICAP/REGULATORY-HUB	ACTIVE	Europe	Northern Europe	1	1
IOGB	ICAP UK OTF - GOVERNMENT BONDS EXCLUDING  UK GILTS	TP ICAP BROKING LIMITED	IOTF	IOTF	OTFS		GB	LONDON	WWW.TPICAP.COM/TPICAP/REGULATORY-HUB	ACTIVE	Europe	Northern Europe	1	1
IOGI	ICAP UK OTF - GOVERNMENT BONDS - UK GILTS	TP ICAP BROKING LIMITED	IOTF	IOTF	OTFS		GB	LONDON	WWW.TPICAP.COM/TPICAP/REGULATORY-HUB	ACTIVE	Europe	Northern Europe	1	1
IOIR	ICAP UK OTF - INTEREST RATE DERIVATIVES	TP ICAP BROKING LIMITED	IOTF	IOTF	OTFS		GB	LONDON	WWW.TPICAP.COM/TPICAP/REGULATORY-HUB	ACTIVE	Europe	Northern Europe	1	1
IOMM	ICAP UK OTF - MONEY MARKET INSTRUMENTS	TP ICAP BROKING LIMITED	IOTF	IOTF	OTFS		GB	LONDON	WWW.TPICAP.COM/TPICAP/REGULATORY-HUB	ACTIVE	Europe	Northern Europe	1	1
IOTC	INSTINET EUROPE LIMITED OTC		XIEL	XIEL	NSPD		GB	LONDON	WWW.INSTINET.COM	ACTIVE	Europe	Northern Europe	1	1
IOTF	ICAP UK OTF	TP ICAP BROKING LIMITED	IOTF		OTFS	ISL OTF	GB	LONDON	WWW.TPICAP.COM/TPICAP/REGULATORY-HUB	ACTIVE	Europe	Northern Europe	0	1
IPNL	ISWAP EURO MTF		IPNL		MLTF		NL	AMSTERDAM	WWW.ICAP.COM	EXPIRED	Europe	Western Europe	0	1
IPSX	IPSX	IPSX UK LIMITED	IPSX		NSPD	IPSX	GB	GUILDFORD	WWW.IPSX.COM	EXPIRED	Europe	Northern Europe	0	1
IPXP	IPSX PRIME	IPSX UK LIMITED	IPSX	IPSX	NSPD	IPSX	GB	GUILDFORD	WWW.IPSX.COM	EXPIRED	Europe	Northern Europe	1	1
IPXW	IPSX WHOLESALE	IPSX UK LIMITED	IPSX	IPSX	RMKT	IPSX	GB	GUILDFORD	WWW.IPSX.COM	EXPIRED	Europe	Northern Europe	1	1
ISBA	BANCA DI ASTI	CASSA DI RISPARMIO DI ASTI S.P.A. SIGLABILE: BANCA C.R.ASTI S.P.A., OPPURE BANCA DI ASTI	ISBA		SINT		IT	ASTI	WWW.BANCADIASTI.IT	ACTIVE	Europe	Southern Europe	0	1
ISBV	BIVER BANCA		ISBV		SINT		IT	BIELLA	WWW.BIVERBANCA.IT	EXPIRED	Europe	Southern Europe	0	1
ISDA	ISDAFIX		ISDA		NSPD		US	NEW YORK	WWW2.ISDA.ORG	ACTIVE	Americas	North America	0	1
ISDX	ICAP SECURITIES AND DERIVATIVES EXCHANGE LIMITED		ICAP	ICAP	NSPD		GB	LONDON	WWW.ISDX.COM	EXPIRED	Europe	Northern Europe	1	1
ISEC	FIRST NORTH ICELAND	NASDAQ ICELAND HF.	XICE	XICE	NSPD		IS	REYKJAVIK	WWW.NASDAQOMXNORDIC.COM	EXPIRED	Europe	Northern Europe	1	1
ISEX	INTER-CONNECTED STOCK EXCHANGE OF INDIA LTD		ISEX		NSPD	ISE	IN	MUMBAI	WWW.ISEINDIA.COM	ACTIVE	Asia	Southern Asia	0	1
ISSI	ICBC STANDARD BANK		ISSI		SINT	ICBCS	GB	LONDON	WWW.ICBCSTANDARDBANK.COM	ACTIVE	Europe	Northern Europe	0	1
ISWA	ISWAP UK MTF	ISWAP EURO LIMITED	ISWA		MLTF		GB	LONDON	WWW.I-SWAP.COM	ACTIVE	Europe	Northern Europe	0	1
ISWB	ISWAP UK MTF - TRADE REGISTRATION	ISWAP EURO LIMITED	ISWA	ISWA	MLTF		GB	LONDON	WWW.I-SWAP.COM	ACTIVE	Europe	Northern Europe	1	1
ISWC	ISWAP UK MTF ORDER BOOK	ISWAP EURO LIMITED	ISWA	ISWA	MLTF		GB	LONDON	WWW.I-SWAP.COM	ACTIVE	Europe	Northern Europe	1	1
ISWE	ICAP GLOBAL DERIVATIVES LIMITED - ELECTRONIC	ICAP GLOBAL DERIVATIVES LIMITED	IGDL	IGDL	MLTF		GB	LONDON	HTTPS://TPICAP.COM/TPICAP/REGULATORY-HUB/ICAP-GLOBAL-DERIVATIVES-MTF	ACTIVE	Europe	Northern Europe	1	1
ISWN	ISWAP EURO MTF - TRADE REGISTRATION	ISWAP EURO B.V.	ISWP	ISWP	MLTF		NL	AMSTERDAM	WWW.ICAP.COM	ACTIVE	Europe	Western Europe	1	1
ISWO	ISWAP EURO MTF - ORDERBOOK	ISWAP EURO B.V.	ISWP	ISWP	MLTF		NL	AMSTERDAM	WWW.ICAP.COM	ACTIVE	Europe	Western Europe	1	1
ISWP	ISWAP EURO MTF	ISWAP EURO B.V.	ISWP		MLTF		NL	AMSTERDAM	WWW.ICAP.COM	ACTIVE	Europe	Western Europe	0	1
ISWQ	ISWAP EURO MTF - SEF	ISWAP EURO B.V.	ISWP	ISWP	MLTF		NL	AMSTERDAM	HTTPS://TPICAP.COM/TPICAP/REGULATORY-HUB/ISWAP-EURO-MTF-SEF	ACTIVE	Europe	Western Europe	1	1
ISWR	ISWAP UK MTF TARGETED STREAMING/RFQ	ISWAP EURO LIMITED	ISWA	ISWA	MLTF		GB	LONDON	WWW.I-SWAP.COM	ACTIVE	Europe	Northern Europe	1	1
ISWT	ISWAP EURO MTF - TARGETED STREAMING / RFQ	ISWAP EURO B.V.	ISWP	ISWP	MLTF		NL	AMSTERDAM	WWW.ICAP.COM	ACTIVE	Europe	Western Europe	1	1
ISWV	ICAP GLOBAL DERIVATIVES LIMITED - VOICE	ICAP GLOBAL DERIVATIVES LIMITED	IGDL	IGDL	MLTF		GB	LONDON	HTTPS://TPICAP.COM/TPICAP/REGULATORY-HUB/ICAP-GLOBAL-DERIVATIVES-MTF	ACTIVE	Europe	Northern Europe	1	1
ITGI	POSIT	VIRTU AMERICAS LLC	ITGI		ATSS		US	NEW YORK	WWW.VIRTU.COM	ACTIVE	Americas	North America	0	1
ITGL	POSIT MTF		ITGL		MLTF	POSIT	IE	DUBLIN	WWW.VIRTU.COM	ACTIVE	Europe	Northern Europe	0	1
ITSL	INTERNATIONAL TRADING SYSTEM (ITS)	INTERNATIONAL TRADING SYSTEM LIMITED	ITSL		MLTF	ITS	KZ	ASTANA	HTTPS://ITSX.KZ/	ACTIVE	Asia	Central Asia	0	1
ITSM	AIM ITALIA - MERCATO ALTERNATIVO DEL CAPITALE		ITSM		NSPD		IT	MILAN		EXPIRED	Europe	Southern Europe	0	1
IUOB	ICAP UK OTF - ORDERBOOK	TP ICAP BROKING LIMITED	IOTF	IOTF	OTFS		GB	LONDON	WWW.TPICAP.COM/TPICAP/REGULATORY-HUB	ACTIVE	Europe	Northern Europe	1	1
IVWP	INTELLIGENTCROSS - VWAP CROSS	INTELLIGENT CROSS LLC	INCR	INCR	ATSS		US	STAMFORD	WWW.INTELLIGENTCROSS.COM	ACTIVE	Americas	North America	1	1
IVZX	INVESCO CANADA PTF TRADES		IVZX		NSPD		CA	TORONTO	WWW.INVESCO.CA	ACTIVE	Americas	North America	0	1
IXSP	INTERNATIONAL STOCK EXCHANGE SAINT-PETERSBOURG		IXSP		NSPD	IXSP	RU	SAINT-PETERSBURG	WWW.IXSP.RU	EXPIRED	Europe	Eastern Europe	0	1
JADX	JOINT ASIAN DERIVATIVES EXCHANGE		JADX		NSPD		SG	SINGAPORE	WWW.JADEEXCHANGE.COM	ACTIVE	Asia	South-Eastern Asia	0	1
JASR	JAPANCROSSING		XIJP	XIJP	NSPD		JP	TOKYO	WWW.INSTINET.COM	EXPIRED	Asia	Eastern Asia	1	1
JATA	JASDAQ TACHIAIGAI (OFF-FLOOR MARKET)		JATA		NSPD		JP	TOKYO		EXPIRED	Asia	Eastern Asia	0	1
JBSI	JYSKE BANK		JBSI		SINT		DK	SILKEBORG	WWW.JYSKEBANK.DK	ACTIVE	Europe	Northern Europe	0	1
JBUL	BULGARIAN STOCK EXCHANGE - INTERNATIONAL MTF	BULGARIAN STOCK EXCHANGE	XBUL	XBUL	MLTF	BSE-MTF	BG	SOFIA	WWW.BSE-SOFIA.BG	ACTIVE	Europe	Southeast Europe	1	1
JEFA	JEFFERIES ASIA	JEFFERIES JAPAN LIMITED	JEFA		OTHR		JP	TOKYO	WWW.JEFFERIES.COM	ACTIVE	Asia	Eastern Asia	0	1
JEFB	INTELLIGENTCROSS - JEFB	INTELLIGENT CROSS LLC	INCR	INCR	OTHR		US	STAMFORD	WWW.INTELLIGENTCROSS.COM	ACTIVE	Americas	North America	1	1
JEFE	JEFFERIES EUROPE	JEFFERIES GMBH	JEFE		SINT		DE	FRANKFURT	WWW.JEFFERIES.COM	ACTIVE	Europe	Western Europe	0	1
JEFS	JEFFERIES INTERNATIONAL - SYSTEMATIC INTERNALISER		JISI	JISI	SINT		GB	LONDON	WWW.JEFFERIES.COM	ACTIVE	Europe	Northern Europe	1	1
JEFX	JETX	JEFFERIES GROUP LLC	JEFX		NSPD		US	NEW YORK	WWW.JEFFERIES.COM	EXPIRED	Americas	North America	0	1
JESI	JEFFERIES EUROPE - SYSTEMATIC INTERNALISER		JEFE	JEFE	SINT		DE	FRANKFURT	WWW.JEFFERIES.COM	ACTIVE	Europe	Western Europe	1	1
JISI	JEFFERIES INTERNATIONAL	JEFFERIES GMBH	JISI		SINT		GB	LONDON	WWW.JEFFERIES.COM	ACTIVE	Europe	Northern Europe	0	1
JLEQ	JUMP TRADING - US EQUITY PLATFORM	JUMP EXECUTION, LLC	JLQD	JLQD	NSPD	JLEQ	US	CHICAGO	WWW.JUMPTRADING.COM	ACTIVE	Americas	North America	1	1
JLEU	JUMP TRADING EU EQUITY PLATFORM	JUMP TRADING EUROPE B.V.	JLEU		SINT		NL	AMSTERDAM	WWW.JUMPTRADING.COM	ACTIVE	Europe	Western Europe	0	1
JLQD	JUMP TRADING - MULTI-ASSET PLATFORM	JUMP TRADING, LLC	JLQD		NSPD	JLQD	US	CHICAGO	WWW.JUMPTRADING.COM	ACTIVE	Americas	North America	0	1
JLSI	JUMP TRADING	JUMP TRADING INTERNATIONAL LIMITED	JLSI		SINT		GB	LONDON	WWW.JUMPTRADING.COM	EXPIRED	Europe	Northern Europe	0	1
JNSI	JANE STREET NETHERLANDS B.V.	JANE STREET NETHERLANDS B.V.	JNSI		SINT		NL	AMSTERDAM	WWW.JANESTREET.COM	ACTIVE	Europe	Western Europe	0	1
JNST	JANE STREET CAPITAL, LLC		JNST		NSPD		US	NEW YORK	WWW.JANESTREET.COM	ACTIVE	Americas	North America	0	1
JPBX	JPBX		JPBX		ATSS	JPBX	US	NEW YORK	WWW.JPMORGAN.COM	ACTIVE	Americas	North America	0	1
JPCB	JPMORGAN CHASE BANK N.A. LONDON BRANCH	JPMORGAN CHASE BANK, NATIONAL ASSOCIATION	JPCB		SINT		GB	LONDON	WWW.JPMORGAN.COM	ACTIVE	Europe	Northern Europe	0	1
JPEU	J.P. MORGAN SE	J.P. MORGAN SE	JPEU		SINT		DE	FRANKFURT	WWW.JPMORGAN.COM	ACTIVE	Europe	Western Europe	0	1
JPJX	JP JENKINS	JP JENKINS LIMITED	JPJX		OTHR	JPJ	GB	LONDON	HTTPS://JPJENKINS.COM	UPDATED	Europe	Northern Europe	0	1
JPMI	JP MORGAN - JPMI MARKET		JPMI		NSPD	JPMI	HK	HONG KONG	WWW.JPMORGAN.COM	ACTIVE	Asia	Eastern Asia	0	1
JPMS	JPMS, LLC		JPMS		NSPD		US	NEW YORK	WWW.JPMORGAN.COM/COUNTRY/US/EN/CIB/MARKETS-INVESTOR-SERVICES/AQUA	ACTIVE	Americas	North America	0	1
JPMX	JPMX		JPMX		ATSS	JPMX	US	NEW YORK	WWW.JPMORGAN.COM	ACTIVE	Americas	North America	0	1
JPSI	J.P. MORGAN SECURITIES PLC	J.P. MORGAN SECURITIES PLC	JPSI		NSPD		GB	LONDON	WWW.JPMORGAN.COM	ACTIVE	Europe	Northern Europe	0	1
JSEB	JSE BOND ELECTRONIC TRADING PLATFORM		XJSE	XJSE	NSPD	BETP	ZA	JOHANNESBURG	WWW.JSE.CO.ZA	ACTIVE	Africa	Southern Africa	1	1
JSEF	JAVELIN SEF, LLC		JSEF		NSPD		US	NEW YORK	WWW.THEJAVELIN.COM	EXPIRED	Americas	North America	0	1
JSER	JSE REPO MARKET		XJSE	XJSE	NSPD		ZA	JOHANNESBURG	WWW.JSE.CO.ZA	ACTIVE	Africa	Southern Africa	1	1
JSES	JANE STREET EXECUTION SERVICES LLC		JSES		NSPD	JX	US	NEW YORK	WWW.JANESTREET.COM	ACTIVE	Americas	North America	0	1
JSJX	JANE STREET JX		JSJX		NSPD	JX	US	NEW YORK	WWW.JANESTREET.COM	ACTIVE	Americas	North America	0	1
JSSI	JANE STREET FINANCIAL LTD		JSSI		SINT	JSF	GB	LONDON	WWW.JANESTREET.COM	ACTIVE	Europe	Northern Europe	0	1
JYSI	DEN JYSKE SPAREKASSE		JYSI		SINT		DK	GRINDSTED	WWW.DJS.DK	ACTIVE	Europe	Northern Europe	0	1
KABU	KABU.COM PTS		KABU		NSPD		JP	TOKYO	WWW.KABU.COM	EXPIRED	Asia	Eastern Asia	0	1
KAIX	CBOE JAPAN - KAI-X	CBOE JAPAN LIMITED	CHIJ	CHIJ	RMOS		JP	TOKYO	WWW.CBOE.CO.JP	ACTIVE	Asia	Eastern Asia	1	1
KASH	DOWGATE APPA	KING AND SHAXSON LIMITED	DOWG	DOWG	APPA	KSL	GB	LONDON	WWW.DOWGATE.COM	ACTIVE	Europe	Northern Europe	1	1
KBCB	KBC BANK NV  GROUP MARKETS		KBCB		SINT		BE	BRUSSELS	WWW.KBC.COM	ACTIVE	Europe	Western Europe	0	1
KBLC	QUINTET PRIVATE BANK (EUROPE) S.A. - EURO COMMERCIAL PAPERS	QUINTET PRIVATE BANK (EUROPE) S.A.	KBLL	KBLL	NSPD		LU	LUXEMBOURG	WWW.QUINTET.COM	ACTIVE	Europe	Western Europe	1	1
KBLL	QUINTET PRIVATE BANK (EUROPE) S.A.	QUINTET PRIVATE BANK (EUROPE) S.A.	KBLL		SINT		LU	LUXEMBOURG	WWW.QUINTET.COM	ACTIVE	Europe	Western Europe	0	1
KBLM	KYTE BROKING LIMITED		KBLM		OTFS		GB	LONDON	WWW.KYTEBROKING.COM	ACTIVE	Europe	Northern Europe	0	1
KBLS	QUINTET PRIVATE BANK (EUROPE) S.A. - STRUCTURED PRODUCTS	QUINTET PRIVATE BANK (EUROPE) S.A.	KBLL	KBLL	NSPD		LU	LUXEMBOURG	WWW.QUINTET.COM	ACTIVE	Europe	Western Europe	1	1
KBLT	QUINTET PRIVATE BANK (EUROPE) S.A. - FX TREASURY DERIVATIVES	QUINTET PRIVATE BANK (EUROPE) S.A.	KBLL	KBLL	SINT		LU	LUXEMBOURG	WWW.QUINTET.COM	ACTIVE	Europe	Western Europe	1	1
KCCP	KELER CCP		KCCP		NSPD		HU	BUDAPEST	WWW.KELERKSZF.HU	ACTIVE	Europe	Central Europe	0	1
KDPW	KDPW_CCP		KDPW		NSPD		PL	WARSAW	WWW.KDPWCCP.PL	EXPIRED	Europe	Central Europe	0	1
KELR	KELER		KELR		NSPD		HU	BUDAPEST	WWW.KELER.HU	ACTIVE	Europe	Central Europe	0	1
KHHU	K AND H BANK ZRT		KHHU		SINT		HU	BUDAPEST	WWW.KH.HU	ACTIVE	Europe	Central Europe	0	1
KLEU	KNIGHT LINK EUROPE		KLEU		NSPD		GB	LONDON	WWW.KNIGHT.COM	ACTIVE	Europe	Northern Europe	0	1
KLSH	KALSHIEX LLC	KALSHIEX LLC	KLSH		DCMS	KEX	US	NEW YORK	WWW.KALSHI.COM	ACTIVE	Americas	North America	0	1
KMTS	EUROMTS LINKERS MARKET		KMTS		NSPD		GB	LONDON		EXPIRED	Europe	Northern Europe	0	1
KMUX	ZURCHER KANTONALBANK - EKMU-X		ZKBX	ZKBX	NSPD		CH	ZURICH	WWW.ZKB.CH/EKMUX	ACTIVE	Europe	Western Europe	1	1
KNCM	KNIGHT CAPITAL MARKETS LLC		KNIG	KNIG	NSPD		US	JERSEY CITY	WWW.KNIGHT.COM	ACTIVE	Americas	North America	1	1
KNEM	KNIGHT EQUITY MARKETS LP		KNIG	KNIG	NSPD		US	JERSEY CITY	WWW.KNIGHT.COM	ACTIVE	Americas	North America	1	1
KNIG	KNIGHT		KNIG		NSPD		US	JERSEY CITY	WWW.KNIGHT.COM	ACTIVE	Americas	North America	0	1
KNLI	KNIGHT LINK		KNIG	KNIG	NSPD		US	JERSEY CITY	WWW.KNIGHT.COM	ACTIVE	Americas	North America	1	1
KNMX	KNIGHT MATCH ATS		KNIG	KNIG	ATSS		US	JERSEY CITY	WWW.KNIGHT.COM	EXPIRED	Americas	North America	1	1
KOCN	KOREA ECN SECURITIES CO. LTD (ATS)		KOCN		ATSS		KR	SEOUL		EXPIRED	Asia	Eastern Asia	0	1
KOME	KOMERCNI BANKA, A.S.	KOMERCNI BANKA, A.S.	KOME		SINT		CZ	PRAGUE	WWW.KB.CZ	ACTIVE	Europe	Central Europe	0	1
KOTF	OTFLINK	KEPLER CHEUVREUX	KOTF		OTFS		FR	PARIS	WWW.KEPLERCHEUVREUX.COM	EXPIRED	Europe	Western Europe	0	1
KRDE	KRAKEN DERIVATIVES EXCHANGE	KRAKEN DERIVATIVES EXCHANGE INC.	KRDE		DCMS		US	CHICAGO	WWW.KRAKEN.COM	ACTIVE	Americas	North America	0	1
KRME	PAYWARD MENA HOLDINGS LTD.		KRME		NSPD		AE	ABU DHABI	WWW.KRAKEN.COM	ACTIVE	Asia	Western Asia	0	1
LAFD	FLOW DARK		LAVA	LAVA	NSPD	FLOWDARK	US	NEW YORK	WWW.LAVATRADING.COM	EXPIRED	Americas	North America	1	1
LAFL	LAVAFLOW ECN		LAVA	LAVA	NSPD		US	NEW YORK	WWW.LAVAFLOWECN.COM	EXPIRED	Americas	North America	1	1
LAFX	LAVAFX		LAVA	LAVA	NSPD		US	NEW YORK	WWW.LAVAFX.COM	EXPIRED	Americas	North America	1	1
LAKE	RBC CAPITAL MARKETS LLC - HOSTED POOL	RBC CAPITAL MARKETS LLC	RBCS	RBCS	OTHR		US	NEW YORK	WWW.RBCCM.COM	ACTIVE	Americas	North America	1	1
LAKX	RBC CAPITAL MARKETS LLC - TRAJECTORY CROSS	RBC CAPITAL MARKETS LLC	LAKX		OTHR	RBCCM	US	NEW YORK	WWW.RBCCM.COM	ACTIVE	Americas	North America	0	1
LAMP	LAMPOST CAPITAL		LAMP		NSPD	LAMP	US	BOCA RATON	WWW.THELAMPOST.COM	ACTIVE	Americas	North America	0	1
LASF	LATAM SEF		LASF		NSPD		US	NEW YORK	WWW.LATAMSEF.COM	ACTIVE	Americas	North America	0	1
LASP	LAN AND SPAR BANK A/S	LAN AND SPAR BANK A/S	LASP		SINT		DK	COPENHAGEN	WWW.LSB.DK	ACTIVE	Europe	Northern Europe	0	1
LATG	GFI SECURITIES LLC - CREDITMATCH (LATG)	GFI SECURITIES LLC	GFAM	GFAM	ATSS	LATG	US	NEW YORK	WWW.GFIGROUP.COM	ACTIVE	Americas	North America	1	1
LAVA	LAVA TRADING (CITI)		LAVA		NSPD		US	NEW YORK	WWW.LAVAFLOWECN.COM	EXPIRED	Americas	North America	0	1
LBBW	LBBW - LANDESBANK BADEN-WUERTTEMBERG		LBBW		NSPD	LLBW	DE	STUTTGART	WWW.LBBW.DE	ACTIVE	Europe	Western Europe	0	1
LBCM	LLOYDS BANK CORPORATE MARKETS		LBCM		SINT	LBCM	GB	LONDON	WWW.LLOYDSBANKCORPORATEMARKETS.COM	ACTIVE	Europe	Northern Europe	0	1
LBCW	LLOYDS BANK CORPORATE MARKETS WERTPAPIERHANDELSBANK GMBH		LBCW		SINT		DE	FRANKFURT	WWW.LLOYDSBANK.COM	ACTIVE	Europe	Western Europe	0	1
LBUL	BULGARIAN STOCK EXCHANGE - SBL	BULGARIAN STOCK EXCHANGE	XBUL	XBUL	OTHR		BG	SOFIA	WWW.BSE-SOFIA.BG	ACTIVE	Europe	Southeast Europe	1	1
LBWL	LBBW - LANDESBANK BADEN-WUERTTEMBERG - LIQUIDITY PROVIDER		LBBW	LBBW	NSPD	LLBW	DE	STUTTGART	WWW.LBBW.DE	ACTIVE	Europe	Western Europe	1	1
LBWS	LBBW - LANDESBANK BADEN-WUERTTEMBERG - SYSTEMATIC INTERNALISER		LBBW	LBBW	SINT	LLBW	DE	STUTTGART	WWW.LBBW.DE	ACTIVE	Europe	Western Europe	1	1
LCHC	LCH.CLEARNET		LCHC		NSPD		FR	PARIS	WWW.LCHCLEARNET.COM	ACTIVE	Europe	Western Europe	0	1
LCUR	CURRENEX LDFX	CURRENEX INC.	XCUR	XCUR	OTHR	CX LDFX	US	BOSTON	WWW.CURRENEX.COM	ACTIVE	Americas	North America	1	1
LCXE	LCX	LCX AG	LCXE		CASP	LCX	LI	VADUZ	WWW.LCX.COM	ACTIVE	Europe	Western Europe	0	1
LEBV	LEDGEREDGE B.V.	LEDGEREDGE B.V.	LEBV		MLTF		NL	AMSTERDAM	WWW.LEDGEREDGE.COM	ACTIVE	Europe	Western Europe	0	1
LEDG	LEDGER X LLC	LEDGER X LLC	LEDG		SEFS		US	NEW YORK	WWW.LEDGERX.COM	EXPIRED	Americas	North America	0	1
LELE	LEDGEREDGE	LEDGEREDGE LTD	LELE		NSPD		GB	LONDON	WWW.LEDGEREDGE.COM	ACTIVE	Europe	Northern Europe	0	1
LESI	LEDGEREDGE SECURITIES INC.	LEDGEREDGE SECURITIES INC.	LESI		ATSS		US	NEW YORK	WWW.LEDGEREDGE.COM	ACTIVE	Americas	North America	0	1
LEUE	LIQUIDNET EU LIMITED EQUITY MTF		LEUE		MLTF		IE	DUBLIN	WWW.LIQUIDNET.COM	EXPIRED	Europe	Northern Europe	0	1
LEUF	LIQUIDNET EU LIMITED FIXED INCOME MTF		LEUE	LEUE	MLTF		IE	DUBLIN	WWW.LIQUIDNET.COM	EXPIRED	Europe	Northern Europe	1	1
LEVL	LEVEL ATS	LEVEL MARKETS, LLC	LEVL		ATSS	LEVEL	US	BOSTON	WWW.LEVELMARKETS.COM/LEVEL-ATS/	ACTIVE	Americas	North America	0	1
LICA	LIQUIDNET CANADA ATS		LICA		ATSS		CA	TORONTO	WWW.LIQUIDNET.COM	ACTIVE	Americas	North America	0	1
LIDR	PT LSEG - CLEARED IDR MATCHING	PT LSEG TRANSACTION SERVICES INDONESIA	LIDR		OTHR	PT LSEG	ID	JAKARTA	WWW.LSEG.COM/EN/FX	ACTIVE	Asia	South-Eastern Asia	0	1
LIFI	LIQUIDNET, INC. FIXED INCOME ATS		LIUS	LIUS	ATSS	LQNF	US	NEW YORK	WWW.LIQUIDNET.COM	ACTIVE	Americas	North America	1	1
LIGA	LIGA BANK EG		LIGA		SINT		DE	REGENSBURG	WWW.LIGABANK.DE	ACTIVE	Europe	Western Europe	0	1
LINX	LINX	CONFERO EUROPE AG	LINX		CASP		LI	VADUZ	HTTPS://CONFERO-EUROPE.COM/	ACTIVE	Europe	Western Europe	0	1
LIQF	TP ICAP UK MTF - LIQUIDNET CORPORATE BONDS AND SECURITIES DEBT	TP ICAP  MTF LIMITED	ICPM	ICPM	MLTF		GB	LONDON	HTTPS://REGULATORY.TPICAP.COM/	ACTIVE	Europe	Northern Europe	1	1
LIQH	LIQUIDNET H20	LIQUIDNET EUROPE LIMITED	LIQU	LIQU	NSPD	LQNT H20	GB	LONDON	WWW.LIQUIDNET.COM	EXPIRED	Europe	Northern Europe	1	1
LIQU	TP ICAP UK MTF - LIQUIDNET CASH EQUITY	TP ICAP  MTF LIMITED	ICPM	ICPM	MLTF		GB	LONDON	WWW.TPICAP.COM/TPICAP/REGULATORY-HUB	ACTIVE	Europe	Northern Europe	1	1
LISE	LISE	LISE SA	LISE		MLTF	LISE	FR	PARIS	WWW.LISE.COM	ACTIVE	Europe	Western Europe	0	1
LISX	CBOE  EUROPE - LIS SERVICE	CBOE EUROPE LIMITED	BCXE	BCXE	MLTF	CBOE  LIS	GB	LONDON	WWW.MARKETS.CBOE.COM/EUROPE/EQUITIES/OVERVIEW/	ACTIVE	Europe	Northern Europe	1	1
LISZ	CBOE EUROPE - LIS SERVICE (NL)	CBOE EUROPE B.V.	CCXE	CCXE	MLTF	CBOE EU LIS	NL	AMSTERDAM	WWW.CBOE.COM/EUROPE/EQUITIES/	ACTIVE	Europe	Western Europe	1	1
LIUH	LIQUIDNET, INC. H2O ATS		LIUS	LIUS	ATSS	LQNA	US	NEW YORK	WWW.LIQUIDNET.COM	ACTIVE	Americas	North America	1	1
LIUS	LIQUIDNET, INC.		LIUS		ATSS	LQNT	US	NEW YORK	WWW.LIQUIDNET.COM	ACTIVE	Americas	North America	0	1
LLAT	LIECHTENSTEINISCHE LANDESBANK (OSTERREICH) AG		LLAT		SINT		AT	VIENNA	WWW.LLB.AT	ACTIVE	Europe	Central Europe	0	1
LMAD	LMAX - DERIVATIVES	LMAX LIMITED	LMAX	LMAX	OTHR		GB	LONDON	WWW.LMAX.COM	ACTIVE	Europe	Northern Europe	1	1
LMAE	LMAX - EQUITIES	LMAX LIMITED	LMAX	LMAX	OTHR		GB	LONDON	WWW.LMAX.COM	ACTIVE	Europe	Northern Europe	1	1
LMAF	LMAX - FX AND CASH-SETTLED DERIVATIVES	LMAX LIMITED	LMAX	LMAX	MLTF		GB	LONDON	WWW.LMAX.COM/EXCHANGE	ACTIVE	Europe	Northern Europe	1	1
LMAO	LMAX - INDICES/RATES/COMMODITIES	LMAX LIMITED	LMAX	LMAX	MLTF		GB	LONDON	WWW.LMAX.COM	ACTIVE	Europe	Northern Europe	1	1
LMAS	LMAX EXCHANGE SINGAPORE - NDFS	LMAX PTE LTD	LMAS		RMOS		SG	SINGAPORE	WWW.LMAX.COM/EXCHANGE	ACTIVE	Asia	South-Eastern Asia	0	1
LMAX	LMAX	LMAX LIMITED	LMAX		OTHR		GB	LONDON	WWW.MTF.LMAX.COM/	ACTIVE	Europe	Northern Europe	0	1
LMEC	LME CLEAR		LMEC		NSPD	LMEC	GB	LONDON	WWW.LME.COM	ACTIVE	Europe	Northern Europe	0	1
LMNR	LUMINOR BANK AS	LUMINOR BANK AS	LMNR		NSPD		EE	TALLINN	WWW.LUMINOR.EE	ACTIVE	Europe	Northern Europe	0	1
LMNX	LUMINEX TRADING AND ANALYTICS LLC - ATS		LTAA	LTAA	ATSS	LMNX	US	BOSTON	WWW.LUMINEXTRADING.COM	ACTIVE	Americas	North America	1	1
LMTS	EUROGLOBALMTS		XMTS	XMTS	NSPD		GB	LONDON	WWW.LIQUIDNET.COM	EXPIRED	Europe	Northern Europe	1	1
LNEQ	TP ICAP EU - MTF - LIQUIDNET EU EQUITY	TP ICAP (EUROPE) SA	TPIC	TPIC	MLTF	TPIE	FR	PARIS	HTTPS://TPICAP.COM/TPICAP/REGULATORY-HUB/TP-ICAP-EU-MTF	ACTIVE	Europe	Western Europe	1	1
LNFI	TP ICAP EU - MTF - LIQUIDNET EU FIXED INCOME	TP ICAP (EUROPE) SA	TPIC	TPIC	MLTF	TPIE	FR	PARIS	HTTPS://TPICAP.COM/TPICAP/REGULATORY-HUB/TP-ICAP-EU-MTF	ACTIVE	Europe	Western Europe	1	1
LOOP	LOOPFX	BUYSIDE TRADING SOLUTIONS LIMITED	LOOP		OTHR	BTSL	GB	LONDON	WWW.THELOOPFX.COM	ACTIVE	Europe	Northern Europe	0	1
LOTC	OTC MARKET		LOTC		NSPD		GB	LONDON	WWW.LOTCE.COM	ACTIVE	Europe	Northern Europe	0	1
LOUI	LOUIS CAPITAL MARKETS UK LLP		LOUI		NSPD	LCM	GB	LONDON	WWW.LOUISCAPITAL.COM	EXPIRED	Europe	Northern Europe	0	1
LOYD	LLOYDS BANK		LOYD		SINT		GB	LONDON	WWW.LLOYDSBANK.COM	ACTIVE	Europe	Northern Europe	0	1
LPPM	LONDON PLATINUM AND PALLADIUM MARKET		LPPM		NSPD	LPPM	GB	LONDON	WWW.LPPM.ORG.UK	ACTIVE	Europe	Northern Europe	0	1
LPSF	LPSFX LLC	LPSFX LLC	LPSF		SEFS		US	NEW YORK	WWW.LPSPLLC.COM	ACTIVE	Americas	North America	0	1
LQED	LIQUIDITYEDGE		LQED		NSPD		US	NEW YORK	WWW.LIQUIDITYEDGE.TRADE	ACTIVE	Americas	North America	0	1
LQFI	CITI LIQUIFI	CITIGROUP GLOBAL MARKETS INC.	CGMI	CGMI	ATSS	LQFI	US	NEW YORK	WWW.CITIVELOCITY.COM	EXPIRED	Americas	North America	1	1
LSSI	LANG AND SCHWARZ TRADE CENTER		LSSI		SINT		DE	DUESSELDORF	WWW.LS-TC.DE	ACTIVE	Europe	Western Europe	0	1
LTAA	LUMINEX TRADING AND ANALYTICS LLC	LUMINEX TRADING AND ANALYTICS LLC	LTAA		NSPD	LTAA	US	BOSTON	WWW.LUMINEXTRADING.COM	ACTIVE	Americas	North America	0	1
LTSE	LONG-TERM STOCK EXCHANGE, INC.		LTSE		NSPD	LTSE	US	SAN FRANCISCO	WWW.LONGTERMSTOCKEXCHANGE.COM	ACTIVE	Americas	North America	0	1
LXJP	BARCLAYS LX JAPAN		LXJP		ATSS	LXJP	JP	TOKYO	WWW.BARCLAYS.COM	ACTIVE	Asia	Eastern Asia	0	1
LYNX	LYNX ATS		OMGA	OMGA	ATSS		CA	TORONTO	WWW.OMEGAATS.COM	ACTIVE	Americas	North America	1	1
M2AE	M2 LIMITED	M2 LIMITED	M2AE		MLTF		AE	ABU DHABI	WWW.M2.COM	ACTIVE	Asia	Western Asia	0	1
MABX	BME MTF EQUITY (IIC AND ECR SEGMENTS)	BOLSAS Y MERCADOS ESPANOLES SISTEMAS DE NEGOCIACION SOCIEDAD ANONIMA	BMEX	BMEX	MLTF	MAB	ES	MADRID	WWW.BMEGROWTH.ES	ACTIVE	Europe	Southern Europe	1	1
MACB	MACQUARIE AUSTRALIA BLOCK CROSSING		MAQX	MAQX	NSPD		AU	SYDNEY	WWW.MACQUARIE.COM	ACTIVE	Oceania	Australia and New Zealand	1	1
MACX	MERCATO ALTERNATIVO DEL CAPITALE	BORSA ITALIANA S.P.A.	XMIL	XMIL	NSPD	MAC	IT	MILAN	WWW.BORSAITALIANA.IT	EXPIRED	Europe	Southern Europe	1	1
MAEL	MARKETAXESS EUROPE LIMITED	MARKETAXESS EUROPE LIMITED	MAEL		NSPD		GB	LONDON	WWW.MARKETAXESS.COM	ACTIVE	Europe	Northern Europe	0	1
MAGM	MAGMA ATS	TOR BROKERAGE LLC	MAGM		ATSS		US	NORTH BERGEN	WWW.TORBROKERAGE.COM	EXPIRED	Americas	North America	0	1
MAKX	MAKOR SECURITIES LONDON LTD		MAKX		NSPD		GB	LONDON	WWW.MAKOR-CAPITAL.COM	ACTIVE	Europe	Northern Europe	0	1
MALM	MARKETAXESS SINGAPORE PTE LIMITED - LIVE MARKETS	MARKETAXESS SINGAPORE PTE. LIMITED	MASG	MASG	RMOS		SG	SINGAPORE	WWW.MARKETAXESS.COM	EXPIRED	Asia	South-Eastern Asia	1	1
MALX	MALDIVES STOCK EXCHANGE	MALDIVES STOCK EXCHANGE COMPANY PVT. LTD	MALX		RMKT	MSE	MV	MALE	WWW.MSE.COM.MV	ACTIVE	Asia	Southern Asia	0	1
MANL	MARKETAXESS NL B.V.	MARKETAXESS NL B.V.	MANL		MLTF		NL	AMSTERDAM	WWW.MARKETAXESS.COM	ACTIVE	Europe	Western Europe	0	1
MAQE	MACQUARIE BANK EUROPE DESIGNATED ACTIVITY COMPANY	MACQUARIE BANK EUROPE DESIGNATED ACTIVITY COMPANY	MAQE		SINT		IE	DUBLIN	WWW.MACQUARIE.COM	ACTIVE	Europe	Northern Europe	0	1
MAQH	MACQUARIE INTERNAL MARKETS (HONG KONG)		MAQH		NSPD		HK	HONG KONG	WWW.MACQUARIE.COM	ACTIVE	Asia	Eastern Asia	0	1
MAQI	MACQUARIE BANK INTERNATIONAL LIMITED		MAQI		SINT		GB	LONDON	WWW.MACQUARIE.COM/UK	ACTIVE	Europe	Northern Europe	0	1
MAQJ	MACQUARIE INTERNAL MARKETS (JAPAN)		MAQJ		NSPD		JP	TOKYO	WWW.MACQUARIE.COM	ACTIVE	Asia	Eastern Asia	0	1
MAQL	MACQUARIE CAPITAL EUROPE LIMITED		MAQL		RMKT		GB	LONDON	WWW.MACQUARIE.COM/UK	ACTIVE	Europe	Northern Europe	0	1
MAQU	MACQUARIE BANK LIMITED, LONDON BRANCH		MAQU		SINT		GB	LONDON	WWW.MACQUARIE.COM/UK	ACTIVE	Europe	Northern Europe	0	1
MAQX	MACQUARIE INTERNAL MARKETS (AUSTRALIA)		MAQX		NSPD		AU	SYDNEY	WWW.MACQUARIE.COM	ACTIVE	Oceania	Australia and New Zealand	0	1
MARF	MERCADO ALTERNATIVO DE RENTA FIJA (MARF)	BOLSAS Y MERCADOS ESPAÑOLES RENTA FIJA, S.A.U	BMEX	BMEX	MLTF	MARF	ES	MADRID	WWW.BOLSASYMERCADOS.ES/BME-EXCHANGE/	ACTIVE	Europe	Southern Europe	1	1
MASG	MARKETAXESS SINGAPORE PTE LIMITED	MARKETAXESS SINGAPORE PTE LIMITED	MASG		NSPD		SG	SINGAPORE	WWW.MARKETAXESS.COM	ACTIVE	Asia	South-Eastern Asia	0	1
MATN	CBOE CANADA - MATCHNOW	CBOE CANADA INC.	NEOE	NEOE	RMKT		CA	TORONTO	WWW.CBOE.COM/CA/EQUITIES/	ACTIVE	Americas	North America	1	1
MATX	MATRIX LIMITED	MATRIX LIMITED	MATX		NSPD		AE	ABU DHABI	WWW.MATRIX.CO	ACTIVE	Asia	Western Asia	0	1
MAXD	MAX MARKETS LIMITED		MAXD		NSPD		GB	HOVE	WWW.MAXMARKETS.NET	ACTIVE	Europe	Northern Europe	0	1
MBCP	MILLENNIUM BCP	BANCO COMERCIAL PORTUGUES S.A.	MBCP		SINT	MILLENNIUMBCP	PT	PORTO	HTTPS://IND.MILLENNIUMBCP.PT/PT/PARTICULARES/PAGES/WELCOME.ASPX	EXPIRED	Europe	Southern Europe	0	1
MBPL	MBANK S.A.	MBANK S.A.	MBPL		SINT	MBANK	PL	WARSAW	WWW.MBANK.PL	ACTIVE	Europe	Central Europe	0	1
MBSI	MORGAN STANLEY BANK INTERNATIONAL LIMITED - SYSTEMATIC INTERNALISER		MSBI	MSBI	SINT		GB	LONDON	WWW.MORGANSTANLEY.COM	ACTIVE	Europe	Northern Europe	1	1
MBUL	MTF SOFIA	CAPMAN AD	MBUL		MLTF		BG	SOFIA	WWW.CAPMAN.BG	ACTIVE	Europe	Southeast Europe	0	1
MCAD	MTS CASH DOMESTIC - MTF	MTS S.P.A.	MTSO	MTSO	MLTF		IT	ROME	WWW.MTSMARKETS.COM	ACTIVE	Europe	Southern Europe	1	1
MCID	MACQUARIE CAPITAL (IRELAND)	MACQUARIE CAPITAL (IRELAND) DESIGNATED ACTIVITY COMPANY	MCID		NSPD		IE	DUBLIN	WWW.MACQUARIE.COM/UK	ACTIVE	Europe	Northern Europe	0	1
MCRY	ISE MERCURY, LLC		XISX	XISX	NSPD		US	NEW YORK	WWW.ISE.COM	ACTIVE	Americas	North America	1	1
MCSE	NASDAQ COPENHAGEN A/S - AUCTION ON DEMAND	NASDAQ COPENHAGEN A/S	XCSE	XCSE	RMKT		DK	COPENHAGEN	WWW.NASDAQOMXNORDIC.COM	ACTIVE	Europe	Northern Europe	1	1
MCUR	CURRENEX MTF	STATE STREET GLOBAL MARKETS INTERNATIONAL LIMITED	MCUR		MLTF		GB	LONDON	WWW.CURRENEX.COM	EXPIRED	Europe	Northern Europe	0	1
MCXR	CURRENEX MTF - RFQ	STATE STREET GLOBAL MARKETS INTERNATIONAL LIMITED	MCUR	MCUR	MLTF		GB	LONDON	WWW.CURRENEX.COM	EXPIRED	Europe	Northern Europe	1	1
MCXS	CURRENEX MTF - STREAMING	STATE STREET GLOBAL MARKETS INTERNATIONAL LIMITED	MCUR	MCUR	MLTF		GB	LONDON	WWW.CURRENEX.COM	EXPIRED	Europe	Northern Europe	1	1
MCXX	METROPOLITAN STOCK EXCHANGE OF INDIA LIMITED		MCXX		NSPD		IN	MUMBAI	WWW.MSEI.IN	ACTIVE	Asia	Southern Asia	0	1
MCZK	MTS CZECH REPUBLIC		XMTS	XMTS	NSPD		GB	LONDON		EXPIRED	Europe	Northern Europe	1	1
MDIP	MEDIP  (MTS PORTUGAL SGMR, SA)		MDIP		NSPD	MEDIP	PT	LISBON	WWW.MTSPORTUGAL.COM	EXPIRED	Europe	Southern Europe	0	1
MDRV	MIBGAS - DERIVATIVES		MIBG	MIBG	NSPD	MIBGAS	ES	MADRID	WWW.MIBGASDERIVATIVES.ES	ACTIVE	Europe	Southern Europe	1	1
MEAU	MACQUARIE EXECUTION (AU)	MACQUARIE GROUP LIMITED	MEAU		NSPD		AU	SYDNEY	WWW.MACQUARIE.COM	EXPIRED	Oceania	Australia and New Zealand	0	1
MEHK	MACQUARIE EXECUTION (HK)		MEHK		NSPD		HK	HONG KONG	WWW.MACQUARIE.COM	EXPIRED	Asia	Eastern Asia	0	1
MELO	NASDAQ MIDPOINT-ELO (M-ELO)	NASDAQ, INC.	XNAS	XNAS	RMKT	MELO	US	NEW YORK	WWW.NASDAQTRADER.COM	UPDATED	Americas	North America	1	1
MEMD	MEMX LLC DARK	MEMX LLC	XMEM	XMEM	OTHR	MEMXDARK	US	JERSEY CITY	HTTPS://MEMX.COM/	ACTIVE	Americas	North America	1	1
MEMM	MEMX LLC RETAIL MIDPOINT	MEMX LLC	XMEM	XMEM	OTHR		US	JERSEY CITY	HTTPS://MEMX.COM/	ACTIVE	Americas	North America	1	1
MEMX	MEMX LLC EQUITIES	MEMX LLC	XMEM	XMEM	OTHR	MEMX	US	JERSEY CITY	HTTPS://MEMX.COM/	ACTIVE	Americas	North America	1	1
MEPX	MONTENEGRIN POWER EXCHANGE	MONTENEGRIN POWER EXCHANGE LLC	MEPX		MLTF	BELEN/MEPX	ME	PODGORICA	HTTPS://BELEN-SPOT.ME/	ACTIVE	Europe	Southeast Europe	0	1
MERD	MERKUR MARKET - DARK POOL		XOSL	XOSL	NSPD		NO	OSLO	WWW.OSLOBORS.NO	ACTIVE	Europe	Northern Europe	1	1
MERF	MERCADO ELECTRONICO DE RENTA FIJA		BMEX	BMEX	RMKT	MERF	ES	MADRID	WWW.BMERF.ES	ACTIVE	Europe	Southern Europe	1	1
MERK	EURONEXT GROWTH - OSLO	OSLO BORS ASA	XOSL	XOSL	MLTF		NO	OSLO	WWW.OSLOBORS.NO	ACTIVE	Europe	Northern Europe	1	1
MESI	MORGAN STANLEY EUROPE S.E. - SYSTEMATIC INTERNALISER	MORGAN STANLEY EUROPE SE	MSEU	MSEU	SINT	MESI	DE	FRANKFURT	WWW.MORGANSTANLEY.COM	ACTIVE	Europe	Western Europe	1	1
MESQ	ACE MARKET		XKLS	XKLS	NSPD		MY	KUALA LUMPUR	WWW.BURSAMALAYSIA.COM	ACTIVE	Asia	South-Eastern Asia	1	1
METZ	MET ZURICH		METZ		NSPD		GB	LONDON	WWW.METZURICH.COM	ACTIVE	Europe	Northern Europe	0	1
MFGL	MF GLOBAL ENERGY MTF		MFGL		NSPD		GB	LONDON	WWW.MFGLOBAL.COM	ACTIVE	Europe	Northern Europe	0	1
MFOX	EURONEXT - MERCADO DE FUTUROS E OPÇÕES	EURONEXT LISBON - SOCIEDADE GESTORA DE MERCADOS REGULAMENTADOS S.A.	XLIS	XLIS	RMKT		PT	LISBON	WWW.EURONEXT.COM	ACTIVE	Europe	Southern Europe	1	1
MFXA	FX CONNECT - MTF - ALLOCATIONS	STATE STREET GLOBAL MARKETS INTERNATIONAL LIMITED	MFXC	MFXC	MLTF		GB	LONDON	WWW.FXCONNECTMTF.COM	ACTIVE	Europe	Northern Europe	1	1
MFXC	FX CONNECT - MTF	STATE STREET GLOBAL MARKETS INTERNATIONAL LIMITED	MFXC		MLTF		GB	LONDON	WWW.FXCONNECTMTF.COM	ACTIVE	Europe	Northern Europe	0	1
MFXR	FX CONNECT - MTF - RFQ	STATE STREET GLOBAL MARKETS INTERNATIONAL LIMITED	MFXC	MFXC	MLTF		GB	LONDON	WWW.FXCONNECTMTF.COM	ACTIVE	Europe	Northern Europe	1	1
MHBD	MIZUHO BANK, LTD. DUESSELDORF BRANCH		MHBD		SINT		DE	DUESSELDORF	WWW.MIZUHO-EMEA.COM	ACTIVE	Europe	Western Europe	0	1
MHBE	MIZUHO BANK EUROPE N.V.		MHBE		SINT		NL	AMSTERDAM	WWW.MIZUHO-EMEA.COM	ACTIVE	Europe	Western Europe	0	1
MHBL	MIZUHO BANK, LTD. LONDON BRANCH	MIZUHO BANK, LTD.	MHBL		SINT		GB	LONDON	WWW.MIZUHO-EMEA.COM	EXPIRED	Europe	Northern Europe	0	1
MHBP	MIZUHO BANK LTD. - PARIS BRANCH		MHBP		SINT		FR	PARIS	WWW.MIZUHOBANK.COM	ACTIVE	Europe	Western Europe	0	1
MHEL	NASDAQ HELSINKI LTD -  AUCTION ON DEMAND	NASDAQ HELSINKI LTD	XHEL	XHEL	RMKT		FI	HELSINKI	WWW.NASDAQOMXNORDIC.COM	ACTIVE	Europe	Northern Europe	1	1
MHEU	MIZUHO SECURITIES EUROPE		MHEU		SINT	MHEU	DE	FRANKFURT	WWW.MIZUHO-EMEA.COM	ACTIVE	Europe	Western Europe	0	1
MHIP	MIZUHO INTERNATIONAL	MIZUHO INTERNATIONAL PLC	MHIP		SINT	MHI	GB	LONDON	WWW.ONEMIZUHO.EU	EXPIRED	Europe	Northern Europe	0	1
MIBG	MERCADO ORGANIZADO DEL GAS		MIBG		NSPD	MIBGAS	ES	MADRID	WWW.MERCADOSGAS.OMIE.ES	ACTIVE	Europe	Southern Europe	0	1
MIBL	MITSUBISHI UFJ INVESTOR SERVICES AND BANKING		MIBL		SINT	MIBL	LU	LUXEMBOURG	WWW.LU.TR.MUFG.JP	EXPIRED	Europe	Western Europe	0	1
MICE	NASDAQ ICELAND HF. - AUCTION ON DEMAND	NASDAQ ICELAND HF.	XICE	XICE	RMKT		IS	REYKJAVIK	WWW.NASDAQOMXNORDIC.COM	ACTIVE	Europe	Northern Europe	1	1
MIDC	MIDCHAINS	MIDCHAINS LIMITED	MIDC		NSPD		AE	ABU DHABI	WWW.MIDCHAINS.COM	ACTIVE	Asia	Western Asia	0	1
MIHI	MIAMI INTERNATIONAL HOLDINGS, INC.	MIAMI INTERNATIONAL HOLDINGS, INC.	MIHI		OTHR	MIHI	US	PRINCETON	WWW.MIAXGLOBAL.COM	ACTIVE	Americas	North America	0	1
MISX	MOSCOW EXCHANGE - ALL MARKETS		MISX		NSPD	MOEX	RU	MOSCOW	WWW.MOEX.COM	ACTIVE	Europe	Eastern Europe	0	1
MIVX	EURONEXT MIV MILAN	BORSA ITALIANA S.P.A.	XMIL	XMIL	RMKT	MIV	IT	MILAN	WWW.BORSAITALIANA.IT	ACTIVE	Europe	Southern Europe	1	1
MIZX	MIZUHO INTERNAL CROSSING		MIZX		NSPD	MIX	JP	TOKYO	WWW.MIZUHO-SC.COM	ACTIVE	Asia	Eastern Asia	0	1
MKAA	MARKETAXESS ATS		MTXX	MTXX	ATSS		US	NEW YORK	WWW.MARKETAXESS.COM	ACTIVE	Americas	North America	1	1
MKAP	MERITKAPITAL		MKAP		SINT		CY	LIMASSOL	WWW.MERITKAPITAL.COM	ACTIVE	Europe	Southern Europe	0	1
MKTF	MARKET SECURITIES (FRANCE) SA	MARKET SECURITIES (FRANCE) SA	MKTF		OTFS		FR	PARIS	WWW.MARKET-SECURITIES.COM	ACTIVE	Europe	Western Europe	0	1
MLAX	BANK OF AMERICA - MERRILL LYNCH AUCTION CROSS		MLXN	MLXN	NSPD		GB	LONDON	HTTP://CORP.BANKOFAMERICA.COM/BUSINESS/CI/TRADER-INSTINCT	EXPIRED	Europe	Northern Europe	1	1
MLCO	BANK OF AMERICA - MERRILL LYNCH OTC		BAML	BAML	NSPD		US	NEW YORK	HTTP://CORP.BANKOFAMERICA.COM/BUSINESS/CI/TRADER-INSTINCT	ACTIVE	Americas	North America	1	1
MLER	BOFA SECURITIES EUROPE - RFQ	BOFA SECURITIES EUROPE SA	MLEX	MLEX	SINT	BOFASE	FR	PARIS	WWW.BOFAML.COM	ACTIVE	Europe	Western Europe	1	1
MLES	BOFA SECURITIES EUROPE - SYSTEMATIC INTERNALISER	BOFA SECURITIES EUROPE SA	MLEX	MLEX	SINT	BOFASE	FR	PARIS	WWW.BOFAML.COM	ACTIVE	Europe	Western Europe	1	1
MLEU	BANK OF AMERICA - MERRILL LYNCH OTC - EUROPE		MLXN	MLXN	NSPD		GB	LONDON	HTTP://CORP.BANKOFAMERICA.COM/BUSINESS/CI/TRADER-INSTINCT	EXPIRED	Europe	Northern Europe	1	1
MLEX	BOFA SECURITIES EUROPE	BOFA SECURITIES EUROPE SA	MLEX		SINT	BOFASE	FR	PARIS	WWW.BOFAML.COM	ACTIVE	Europe	Western Europe	0	1
MLIB	MERRILL LYNCH INTERNATIONAL BANK DESIGNATED ACTIVITY COMPANY		MLIB		NSPD	BAMLI DAC	GB	LONDON	WWW.BOFAML.COM/EMEA	EXPIRED	Europe	Northern Europe	0	1
MLIX	MERRILL LYNCH INTERNATIONAL		MLIX		NSPD	MLI	GB	LONDON	WWW.BOFAML.COM/EMEA	ACTIVE	Europe	Northern Europe	0	1
MLRQ	MERRILL LYNCH INTERNATIONAL - RFQ		MLIX	MLIX	SINT	MLI	GB	LONDON	WWW.BOFAML.COM/EMEA	ACTIVE	Europe	Northern Europe	1	1
MLSI	MERRILL LYNCH INTERNATIONAL - SYSTEMATIC INTERNALISER		MLIX	MLIX	SINT	MLI	GB	LONDON	WWW.BOFAML.COM/EMEA	ACTIVE	Europe	Northern Europe	1	1
MLVE	BANK OF AMERICA - MERRILL LYNCH VWAP CROSS - EUROPE		MLXN	MLXN	NSPD		GB	LONDON	HTTP://CORP.BANKOFAMERICA.COM/BUSINESS/CI/TRADER-INSTINCT	EXPIRED	Europe	Northern Europe	1	1
MLVX	BANK OF AMERICA - MERRILL LYNCH VWAP CROSS		BAML	BAML	ATSS		US	NEW YORK	HTTP://CORP.BANKOFAMERICA.COM/BUSINESS/CI/TRADER-INSTINCT	ACTIVE	Americas	North America	1	1
MLXB	EURONEXT ACCESS BRUSSELS	EURONEXT BRUSSELS	XBRU	XBRU	MLTF		BE	BRUSSELS	WWW.EURONEXT.COM	ACTIVE	Europe	Western Europe	1	1
MLXN	BANK OF AMERICA - MERRILL LYNCH INSTINCT X - EUROPE		MLXN		ATSS		GB	LONDON	HTTP://CORP.BANKOFAMERICA.COM/BUSINESS/CI/TRADER-INSTINCT	EXPIRED	Europe	Northern Europe	0	1
MNDK	FIRST NORTH DENMARK - AUCTION ON DEMAND	NASDAQ COPENHAGEN A/S	XCSE	XCSE	MLTF		DK	COPENHAGEN	WWW.NASDAQOMXNORDIC.COM	ACTIVE	Europe	Northern Europe	1	1
MNFI	FIRST NORTH FINLAND - AUCTION ON DEMAND	NASDAQ HELSINKI LTD	XHEL	XHEL	MLTF		FI	HELSINKI	WWW.NASDAQOMXNORDIC.COM	ACTIVE	Europe	Northern Europe	1	1
MNIS	FIRST NORTH ICELAND - AUCTION ON DEMAND	NASDAQ ICELAND HF.	XICE	XICE	MLTF		IS	REYKJAVIK	WWW.NASDAQOMXNORDIC.COM	ACTIVE	Europe	Northern Europe	1	1
MNSE	FIRST NORTH SWEDEN - AUCTION ON DEMAND	NASDAQ STOCKHOLM AB	XSTO	XSTO	MLTF		SE	STOCKHOLM	WWW.NASDAQOMXNORDIC.COM	ACTIVE	Europe	Northern Europe	1	1
MOAT	MOSAIC ATS	MOSAIC ATS, LLC	MOAT		ATSS		US	NEW YORK	WWW.MOSAICPLATFORMS.COM	ACTIVE	Americas	North America	0	1
MOCX	MOC CROSS		XINS	XINS	NSPD	MOCX	US	NEW YORK	WWW.INSTINET.COM	ACTIVE	Americas	North America	1	1
MOON	MOON	OTC MARKETS GROUP INC.	MOON		ATSS		US	NEW YORK	WWW.OTCMARKETS.COM	ACTIVE	Americas	North America	0	1
MOSE	FIRST NORTH SWEDEN - NORWAY AUCTION ON DEMAND	NASDAQ STOCKHOLM AB	XSTO	XSTO	MLTF		SE	STOCKHOLM	NASDAQOMXNORDIC.COM/FIRSTNORTH	ACTIVE	Europe	Northern Europe	1	1
MOTX	ELECTRONIC BOND MARKET	BORSA ITALIANA S.P.A.	XMIL	XMIL	RMKT	MOT	IT	MILAN	WWW.BORSAITALIANA.IT	ACTIVE	Europe	Southern Europe	1	1
MPRL	MIAX PEARL, LLC	MIAX PEARL, LLC	MIHI	MIHI	RMKT	MPRL	US	PRINCETON	WWW.MIAXGLOBAL.COM	ACTIVE	Americas	North America	1	1
MSAL	MORGAN STANLEY AUSTRALIA SECURITIES LIMITED	MORGAN STANLEY AUSTRALIA SECURITIES LIMITED	MSAL		NSPD		AU	SYDNEY	WWW.MORGANSTANLEY.COM	ACTIVE	Oceania	Australia and New Zealand	0	1
MSAX	MORGAN STANLEY MTF - PERIODIC AUCTION		MSAX		MLTF	MSAX	FR	PARIS	WWW.MORGANSTANLEY.COM	EXPIRED	Europe	Western Europe	0	1
MSBI	MORGAN STANLEY BANK INTERNATIONAL LIMITED		MSBI		NSPD		GB	LONDON	WWW.MORGANSTANLEY.COM	ACTIVE	Europe	Northern Europe	0	1
MSCO	MORGAN STANLEY AND CO. LLC	MORGAN STANLEY AND CO. LLC	MSCO		OTHR		US	NEW YORK	WWW.MORGANSTANLEY.COM	ACTIVE	Americas	North America	0	1
MSCX	MORGAN STANLEY MTF - CONTINUOUS CROSS DARK		MSAX	MSAX	MLTF	MSCX	FR	PARIS	WWW.MORGANSTANLEY.COM	EXPIRED	Europe	Western Europe	1	1
MSDM	MICHAEL/STROM DOM MAKLERSKI SPOLKA AKCYJNA	MICHAEL/STROM DOM MAKLERSKI SPOLKA AKCYJNA	MSDM		SINT	MSDM	PL	WARSAW	HTTPS://MICHAELSTROM.PL/	ACTIVE	Europe	Central Europe	0	1
MSEL	MAREX SPECTRON EUROPE LIMITED - OTF	MAREX SPECTRON EUROPE LIMITED	MSEL		OTFS	MSEL OTF	IE	DUBLIN	WWW.MAREX.COM	ACTIVE	Europe	Northern Europe	0	1
MSEU	MORGAN STANLEY EUROPE S.E.	MORGAN STANLEY EUROPE SE	MSEU		NSPD	MSEU	DE	FRANKFURT	WWW.MORGANSTANLEY.COM	ACTIVE	Europe	Western Europe	0	1
MSIP	MORGAN STANLEY AND CO. INTERNATIONAL PLC		MSIP		NSPD		GB	LONDON	WWW.MORGANSTANLEY.COM	ACTIVE	Europe	Northern Europe	0	1
MSLC	MS LONG CROSS	MORGAN STANLEY AND CO. LLC	MSCO	MSCO	ATSS		US	NEW YORK	WWW.MORGANSTANLEY.COM	ACTIVE	Americas	North America	1	1
MSLP	MORGAN STANLEY AUTOMATED LIQUIDITY PROVISION	MORGAN STANLEY AND CO. LLC	MSCO	MSCO	OTHR		US	NEW YORK	WWW.MORGANSTANLEY.COM	EXPIRED	Americas	North America	1	1
MSMS	MORGAN STANLEY MUFG SECURITIES CO., LTD		MSMS		NSPD		JP	TOKYO	WWW.MORGANSTANLEYMUFG.COM	ACTIVE	Asia	Eastern Asia	0	1
MSNT	MORGAN STANLEY MTF - NEGOTIATED TRADE		MSAX	MSAX	MLTF	MSNT	FR	PARIS	WWW.MORGANSTANLEY.COM	EXPIRED	Europe	Western Europe	1	1
MSPL	MS POOL	MORGAN STANLEY AND CO. LLC	MSCO	MSCO	ATSS		US	NEW YORK	WWW.MORGANSTANLEY.COM	ACTIVE	Americas	North America	1	1
MSRP	MS RPOOL	MORGAN STANLEY AND CO. LLC	MSCO	MSCO	ATSS		US	NEW YORK	WWW.MORGANSTANLEY.COM	ACTIVE	Americas	North America	1	1
MSSA	MAREX SPECTRON - OTF	MAREX SA	HPCX	HPCX	OTFS		FR	PARIS	WWW.MAREX.COM	ACTIVE	Europe	Western Europe	1	1
MSSI	MORGAN STANLEY AND CO. INTERNATIONAL PLC - SYSTEMATIC INTERNALISER		MSIP	MSIP	SINT		GB	LONDON	WWW.MORGANSTANLEY.COM	ACTIVE	Europe	Northern Europe	1	1
MSTC	MS TRAJECTORY CROSSING ATS	MORGAN STANLEY AND CO. LLC	MSCO	MSCO	ATSS		US	NEW YORK	WWW.MORGANSTANLEY.COM	EXPIRED	Americas	North America	1	1
MSTO	NASDAQ STOCKHOLM AB - AUCTION ON DEMAND	NASDAQ STOCKHOLM AB	XSTO	XSTO	RMKT		SE	STOCKHOLM	WWW.NASDAQOMXNORDIC.COM	ACTIVE	Europe	Northern Europe	1	1
MSTX	MS TRAJECTORY CROSS	MORGAN STANLEY AND CO. LLC	MSCO	MSCO	ATSS		US	NEW YORK	WWW.MORGANSTANLEY.COM	ACTIVE	Americas	North America	1	1
MSWP	MTS INTERDEALER SWAPS MARKET	MTS S.P.A.	MTSO	MTSO	MLTF		IT	ROME	WWW.MTSMARKETS.COM	EXPIRED	Europe	Southern Europe	1	1
MSXB	MUSCAT STOCK EXCHANGE - BOOK BUILDING	UNITED SECURITIES	XMUS	XMUS	OTFS	MSM	OM	MUSCAT	WWW.MSX.OM	ACTIVE	Asia	Western Asia	1	1
MSXO	MUSCAT STOCK EXCHANGE – NON-LISTED INSTRUMENTS	UNITED SECURITIES	XMUS	XMUS	OTFS	MSM	OM	MUSCAT	WWW.MSX.OM	ACTIVE	Asia	Western Asia	1	1
MTAA	EURONEXT MILAN	BORSA ITALIANA S.P.A.	XMIL	XMIL	RMKT	MTA	IT	MILAN	WWW.BORSAITALIANA.IT	ACTIVE	Europe	Southern Europe	1	1
MTAH	BORSA ITALIANA - TRADING AFTER HOURS	BORSA ITALIANA S.P.A.	XMIL	XMIL	MLTF	TAH	IT	MILAN	WWW.BORSAITALIANA.IT	ACTIVE	Europe	Southern Europe	1	1
MTAX	MTAX		MTAX		NSPD		IT	MILAN		EXPIRED	Europe	Southern Europe	0	1
MTCH	BONDMATCH		XPAR	XPAR	NSPD		FR	PARIS	WWW.EURONEXT.COM	ACTIVE	Europe	Western Europe	1	1
MTSA	MTS AUSTRIA		XMTS	XMTS	NSPD		GB	LONDON	WWW.MTSAUSTRIA.COM	EXPIRED	Europe	Northern Europe	1	1
MTSB	MTS BONDS.COM	BONDS.COM, INC.	MTUS	MTUS	NSPD		US	NEW YORK	WWW.MTSMARKETS.COM/PRODUCTS/MTS-BONDS-COM	EXPIRED	Americas	North America	1	1
MTSC	MTS ITALIA	MTS S.P.A.	MTSO	MTSO	RMKT	MTS ITALY	IT	ROME	WWW.MTSMARKETS.COM	ACTIVE	Europe	Southern Europe	1	1
MTSD	MTS DENMARK	MTS ASSOCIATED MARKETS	BEAM	BEAM	MLTF		BE	BRUSSELS	WWW.MTSDENMARK.COM	ACTIVE	Europe	Western Europe	1	1
MTSF	MTS FINLAND	MTS ASSOCIATED MARKETS	BEAM	BEAM	MLTF		BE	BRUSSELS	WWW.MTSFINLAND.COM	ACTIVE	Europe	Western Europe	1	1
MTSG	MTS GREECE		XMTS	XMTS	NSPD		GB	LONDON	WWW.MTSGREECE.COM	EXPIRED	Europe	Northern Europe	1	1
MTSM	MTS CORPORATE MARKET	MTS S.P.A.	MTSO	MTSO	NSPD	MTS ITALY	IT	ROME	WWW.MTSMARKETS.COM	EXPIRED	Europe	Southern Europe	1	1
MTSO	MTS S.P.A.	MTS S.P.A.	MTSO		MLTF		IT	ROME	WWW.MTSMARKETS.COM	ACTIVE	Europe	Southern Europe	0	1
MTSP	MTS POLAND		MTSP		NSPD		PL	WARSAW		EXPIRED	Europe	Central Europe	0	1
MTSS	MTS INTERDEALER SWAPS MARKET		XMTS	XMTS	NSPD		GB	LONDON		EXPIRED	Europe	Northern Europe	1	1
MTSW	MTS SWAP MARKET		XMTS	XMTS	NSPD	STF	GB	LONDON	WWW.MTSMARKETS.COM	EXPIRED	Europe	Northern Europe	1	1
MTUS	MTS MARKETS INTERNATIONAL INC.	BONDS.COM, INC.	MTUS		NSPD		US	NEW YORK	WWW.MTSMARKETS.COM	EXPIRED	Americas	North America	0	1
MTXA	MARKETAXESS CANADA COMPANY		MTXX	MTXX	NSPD		US	NEW YORK	WWW.MARKETAXESS.COM	ACTIVE	Americas	North America	1	1
MTXC	MARKETAXESS CORPORATION SINGLE-NAME CDS CENTRAL LIMIT ORDER		MTXX	MTXX	NSPD		US	NEW YORK	WWW.MARKETAXESS.COM	ACTIVE	Americas	North America	1	1
MTXM	MARKETAXESS CORPORATION MID-X TRADING SYSTEM		MTXX	MTXX	NSPD		US	NEW YORK	WWW.MARKETAXESS.COM	ACTIVE	Americas	North America	1	1
MTXS	MARKETAXESS SEF CORPORATION		MTXX	MTXX	NSPD		US	NEW YORK	WWW.MARKETAXESS.COM	ACTIVE	Americas	North America	1	1
MTXX	MARKETAXESS CORPORATION		MTXX		NSPD		US	NEW YORK	WWW.MARKETAXESS.COM	ACTIVE	Americas	North America	0	1
MUBE	MUFG BANK (EUROPE) N.V.		MUBE		SINT	MUBE SI	NL	AMSTERDAM	WWW.BK.MUFG.JP	ACTIVE	Europe	Western Europe	0	1
MUBL	MUFG BANK, LTD. - LONDON BRANCH		MUBL		SINT	MUBL SI	GB	LONDON	WWW.BK.MUFG.JP	ACTIVE	Europe	Northern Europe	0	1
MUBM	MUFG BANK, LTD. - MILANO BRANCH		MUBM		SINT	MUBM SI	IT	MILAN	WWW.BK.MUFG.JP	ACTIVE	Europe	Southern Europe	0	1
MUBP	MUFG BANK, LTD. - PARIS BRANCH		MUBP		SINT	MUBP SI	FR	PARIS	WWW.BK.MUFG.JP	ACTIVE	Europe	Western Europe	0	1
MUDX	MITSUBISHI DIAMOND CROSSING	MITSUBISHI UFJ MORGAN STANLEY SECURITIES CO.,LTD.	MUDX		NSPD	MDX	JP	TOKYO	WWW.MUMSS.COM	ACTIVE	Asia	Eastern Asia	0	1
MUFP	MARIANA UFP LLP		MUFP		NSPD	MUFP	GB	LONDON	WWW.MARIANAINVESTMENTS.COM	ACTIVE	Europe	Northern Europe	0	1
MUNA	BOERSE MUENCHEN - REGULIERTER MARKT		XMUN	XMUN	RMKT		DE	MUENCHEN	WWW.BOERSE-MUENCHEN.DE	ACTIVE	Europe	Western Europe	1	1
MUNB	BOERSE MUENCHEN - FREIVERKEHR	BAYERISCHE BOERSE AKTIENGESELLSCHAFT	XMUN	XMUN	MLTF		DE	MUENCHEN	WWW.BOERSE-MUENCHEN.DE	ACTIVE	Europe	Western Europe	1	1
MUNC	BOERSE MUENCHEN - GETTEX - REGULIERTER MARKT		XMUN	XMUN	RMKT		DE	MUENCHEN	WWW.GETTEX.DE	ACTIVE	Europe	Western Europe	1	1
MUND	BOERSE MUENCHEN - GETTEX - FREIVERKEHR	BAYERISCHE BOERSE AKTIENGESELLSCHAFT	XMUN	XMUN	MLTF		DE	MUENCHEN	WWW.GETTEX.DE	ACTIVE	Europe	Western Europe	1	1
MUSE	MUFG SECURITIES EMEA PLC		MUSE		SINT		GB	LONDON	WWW.MUFGEMEA.COM	ACTIVE	Europe	Northern Europe	0	1
MUSN	MUFG SECURITIES (EUROPE) N.V -		MUSN		SINT		NL	AMSTERDAM	WWW.MUFGEMEA.COM	ACTIVE	Europe	Western Europe	0	1
MUTI	MITSUBISHI UFJ TRUST INTERNATIONAL LIMITED		MUTI		NSPD	MUTI	GB	LONDON	WWW.TR.MUFG.JP/ENGLISH/OURSERVICES/ADMINISTRATION/MUTI.HTML	ACTIVE	Europe	Northern Europe	0	1
MVCX	MERCADO DE VALORES DE CORDOBA S.A.		XBCC	XBCC	NSPD		AR	CORDOBA	WWW.MERVALCORDOBA.COM.AR	ACTIVE	Americas	South America	1	1
MXLM	MARKETAXESS EUROPE LIMITED - LIVE MARKETS	MARKETAXESS EUROPE LIMITED	MAEL	MAEL	NSPD		GB	LONDON	WWW.MARKETAXESS.COM	ACTIVE	Europe	Northern Europe	1	1
